month,round,category,quota,bids_received,bids_success,premium,bids_per_quota,success_rate,regime
2010-01-01,1,Category A,1152,1342,1145,18502,1.1649,0.8532,pre
2010-01-01,2,Category A,1151,1673,1149,20501,1.4535,0.6868,pre
2010-02-01,1,Category A,1154,1326,1153,19989,1.149,0.8695,pre
2010-02-01,2,Category A,1148,1493,1148,20340,1.3005,0.7689,pre
2010-03-01,1,Category A,1148,1758,1141,20802,1.5314,0.649,pre
2010-03-01,2,Category A,1146,2183,1137,28389,1.9049,0.5208,pre
2010-04-01,1,Category A,705,1379,597,34001,1.956,0.4329,pre
2010-04-01,2,Category A,706,1242,704,30000,1.7592,0.5668,pre
2010-05-01,1,Category A,806,1294,798,26102,1.6055,0.6167,pre
2010-05-01,2,Category A,699,1036,697,27389,1.4821,0.6728,pre
2010-06-01,1,Category A,706,1107,704,30051,1.568,0.636,pre
2010-06-01,2,Category A,699,902,697,31510,1.2904,0.7727,pre
2010-07-01,1,Category A,700,893,676,29501,1.2757,0.757,pre
2010-07-01,2,Category A,699,967,691,36162,1.3834,0.7146,pre
2010-08-01,1,Category A,622,786,589,32104,1.2637,0.7494,pre
2010-08-01,2,Category A,606,975,606,29000,1.6089,0.6215,pre
2010-09-01,1,Category A,631,775,628,33089,1.2282,0.8103,pre
2010-09-01,2,Category A,597,993,547,30001,1.6633,0.5509,pre
2010-10-01,1,Category A,601,722,601,33132,1.2013,0.8324,pre
2010-10-01,2,Category A,647,817,647,32415,1.2628,0.7919,pre
2010-11-01,1,Category A,598,843,598,34001,1.4097,0.7094,pre
2010-11-01,2,Category A,597,833,577,39000,1.3953,0.6927,pre
2010-12-01,1,Category A,598,1020,582,47604,1.7057,0.5706,pre
2010-12-01,2,Category A,617,755,607,46129,1.2237,0.804,pre
2011-01-01,1,Category A,614,1192,602,38889,1.9414,0.505,pre
2011-01-01,2,Category A,607,1091,606,40123,1.7974,0.5555,pre
2011-02-01,1,Category A,523,1146,501,37124,2.1912,0.4372,pre
2011-02-01,2,Category A,511,788,494,42999,1.5421,0.6269,pre
2011-03-01,1,Category A,532,875,530,42600,1.6447,0.6057,pre
2011-03-01,2,Category A,527,927,472,43813,1.759,0.5092,pre
2011-04-01,1,Category A,512,813,511,43212,1.5879,0.6285,pre
2011-04-01,2,Category A,565,964,552,44000,1.7062,0.5726,pre
2011-05-01,1,Category A,511,944,511,44790,1.8474,0.5413,pre
2011-05-01,2,Category A,523,760,521,46989,1.4532,0.6855,pre
2011-06-01,1,Category A,510,880,506,53390,1.7255,0.575,pre
2011-06-01,2,Category A,512,715,512,50244,1.3965,0.7161,pre
2011-07-01,1,Category A,514,839,497,55989,1.6323,0.5924,pre
2011-07-01,2,Category A,510,776,501,56002,1.5216,0.6456,pre
2011-08-01,1,Category A,566,1034,566,48801,1.8269,0.5474,pre
2011-08-01,2,Category A,557,927,557,49301,1.6643,0.6009,pre
2011-09-01,1,Category A,548,794,547,51000,1.4489,0.6889,pre
2011-09-01,2,Category A,548,951,531,48006,1.7354,0.5584,pre
2011-10-01,1,Category A,549,793,549,50289,1.4444,0.6923,pre
2011-10-01,2,Category A,565,873,554,56112,1.5451,0.6346,pre
2011-11-01,1,Category A,548,766,547,55997,1.3978,0.7141,pre
2011-11-01,2,Category A,559,756,541,54887,1.3524,0.7156,pre
2011-12-01,1,Category A,549,781,543,52392,1.4226,0.6953,pre
2011-12-01,2,Category A,566,878,457,50001,1.5512,0.5205,pre
2012-01-01,1,Category A,554,901,554,46889,1.6264,0.6149,pre
2012-01-01,2,Category A,657,903,652,48112,1.3744,0.722,pre
2012-02-01,1,Category A,619,1058,571,52809,1.7092,0.5397,pre
2012-02-01,2,Category A,624,1017,607,57009,1.6298,0.5969,pre
2012-03-01,1,Category A,667,912,649,56551,1.3673,0.7116,pre
2012-03-01,2,Category A,636,1067,626,56501,1.6777,0.5867,pre
2012-04-01,1,Category A,637,960,615,58501,1.5071,0.6406,pre
2012-04-01,2,Category A,629,1011,618,64201,1.6073,0.6113,pre
2012-05-01,1,Category A,641,822,593,62600,1.2824,0.7214,pre
2012-05-01,2,Category A,630,945,617,58001,1.5,0.6529,pre
2012-06-01,1,Category A,668,1004,647,59003,1.503,0.6444,pre
2012-06-01,2,Category A,633,920,577,59004,1.4534,0.6272,pre
2012-07-01,1,Category A,641,872,613,59421,1.3604,0.703,pre
2012-07-01,2,Category A,676,911,669,68656,1.3476,0.7344,pre
2012-08-01,1,Category A,421,724,415,73501,1.7197,0.5732,pre
2012-08-01,2,Category A,400,530,391,66889,1.325,0.7377,pre
2012-09-01,1,Category A,399,518,391,68000,1.2982,0.7548,pre
2012-09-01,2,Category A,402,486,402,63000,1.209,0.8272,pre
2012-10-01,1,Category A,401,506,399,69000,1.2618,0.7885,pre
2012-10-01,2,Category A,393,509,390,71001,1.2952,0.7662,pre
2012-11-01,1,Category A,395,621,393,77201,1.5722,0.6329,pre
2012-11-01,2,Category A,396,540,393,77291,1.3636,0.7278,pre
2012-12-01,1,Category A,395,482,378,78523,1.2203,0.7842,pre
2012-12-01,2,Category A,395,499,378,81889,1.2633,0.7575,pre
2013-01-01,1,Category A,410,555,409,92100,1.3537,0.7369,pre
2013-01-01,2,Category A,409,489,409,91010,1.1956,0.8364,pre
2013-02-01,1,Category A,335,418,333,87109,1.2478,0.7967,pre
2013-02-01,2,Category A,333,427,329,78301,1.2823,0.7705,pre
2013-03-01,1,Category A,336,1180,329,74689,3.5119,0.2788,pre
2013-03-01,2,Category A,337,923,337,64209,2.7389,0.3651,pre
2013-04-01,1,Category A,341,966,339,61029,2.8328,0.3509,pre
2013-04-01,2,Category A,333,993,333,62497,2.982,0.3353,pre
2013-05-01,1,Category A,336,912,329,62999,2.7143,0.3607,pre
2013-05-01,2,Category A,333,888,324,64839,2.6667,0.3649,pre
2013-06-01,1,Category A,341,855,336,67301,2.5073,0.393,pre
2013-06-01,2,Category A,342,788,341,69903,2.3041,0.4327,pre
2013-07-01,1,Category A,338,716,328,73100,2.1183,0.4581,pre
2013-07-01,2,Category A,334,621,332,73989,1.8593,0.5346,pre
2013-08-01,1,Category A,373,754,371,75556,2.0214,0.492,pre
2013-08-01,2,Category A,366,596,360,76223,1.6284,0.604,pre
2013-09-01,1,Category A,366,609,365,77304,1.6639,0.5993,pre
2013-09-01,2,Category A,370,654,361,83751,1.7676,0.552,pre
2013-10-01,1,Category A,365,615,361,85000,1.6849,0.587,pre
2013-10-01,2,Category A,373,596,373,76889,1.5979,0.6258,pre
2013-11-01,1,Category A,368,590,368,72609,1.6033,0.6237,pre
2013-11-01,2,Category A,364,650,361,74991,1.7857,0.5554,pre
2013-12-01,1,Category A,364,591,364,73160,1.6236,0.6159,pre
2013-12-01,2,Category A,367,574,363,74002,1.564,0.6324,pre
2014-01-01,1,Category A,364,623,361,72369,1.7115,0.5795,pre
2014-01-01,2,Category A,368,724,364,72290,1.9674,0.5028,pre
2014-02-01,1,Category A,362,719,356,71564,1.9862,0.4951,pre
2014-02-01,2,Category A,362,700,358,77201,1.9337,0.5114,pre
2014-03-01,1,Category A,365,615,356,76999,1.6849,0.5789,pre
2014-03-01,2,Category A,362,577,360,78602,1.5939,0.6239,pre
2014-04-01,1,Category A,367,537,360,77400,1.4632,0.6704,pre
2014-04-01,2,Category A,361,513,357,71335,1.4211,0.6959,pre
2014-05-01,1,Category A,513,676,512,60002,1.3177,0.7574,pre
2014-05-01,2,Category A,509,997,506,65689,1.9587,0.5075,pre
2014-06-01,1,Category A,507,1040,499,63190,2.0513,0.4798,pre
2014-06-01,2,Category A,509,1040,506,61899,2.0432,0.4865,pre
2014-07-01,1,Category A,513,1075,511,61990,2.0955,0.4753,pre
2014-07-01,2,Category A,509,1190,505,62890,2.3379,0.4244,pre
2014-08-01,1,Category A,574,1086,574,64600,1.892,0.5285,pre
2014-08-01,2,Category A,575,994,574,65710,1.7287,0.5775,pre
2014-09-01,1,Category A,572,813,568,64841,1.4213,0.6986,pre
2014-09-01,2,Category A,573,792,573,62000,1.3822,0.7235,pre
2014-10-01,1,Category A,575,1097,570,63880,1.9078,0.5196,pre
2014-10-01,2,Category A,572,1092,569,63990,1.9091,0.5211,pre
2014-11-01,1,Category A,703,1196,692,64900,1.7013,0.5786,pre
2014-11-01,2,Category A,701,1144,694,67889,1.632,0.6066,pre
2014-12-01,1,Category A,709,996,703,67089,1.4048,0.7058,pre
2014-12-01,2,Category A,705,868,699,65889,1.2312,0.8053,pre
2015-01-01,1,Category A,704,940,698,66010,1.3352,0.7426,pre
2015-01-01,2,Category A,705,1068,703,65001,1.5149,0.6582,pre
2015-02-01,1,Category A,992,1295,991,62002,1.3054,0.7653,pre
2015-02-01,2,Category A,988,1294,988,57199,1.3097,0.7635,pre
2015-03-01,1,Category A,987,2120,986,61410,2.1479,0.4651,pre
2015-03-01,2,Category A,987,2251,987,64700,2.2806,0.4385,pre
2015-04-01,1,Category A,988,2340,970,67749,2.3684,0.4145,pre
2015-04-01,2,Category A,987,2055,979,67601,2.0821,0.4764,pre
2015-05-01,1,Category A,1444,2891,1438,68589,2.0021,0.4974,pre
2015-05-01,2,Category A,1434,2351,1431,66590,1.6395,0.6087,pre
2015-06-01,1,Category A,1432,1943,1393,66000,1.3568,0.7169,pre
2015-06-01,2,Category A,1429,1766,1421,61000,1.2358,0.8046,pre
2015-07-01,1,Category A,1466,1891,1464,58700,1.2899,0.7742,pre
2015-07-01,2,Category A,1435,1966,1365,55889,1.37,0.6943,pre
2015-08-01,1,Category A,1688,2446,1687,56209,1.4491,0.6897,pre
2015-08-01,2,Category A,1756,2597,1756,57498,1.4789,0.6762,pre
2015-09-01,1,Category A,1688,2553,1688,57089,1.5124,0.6612,pre
2015-09-01,2,Category A,1687,2276,1684,55399,1.3491,0.7399,pre
2015-10-01,1,Category A,1687,2210,1679,56001,1.31,0.7597,pre
2015-10-01,2,Category A,1690,2229,1684,57301,1.3189,0.7555,pre
2015-11-01,1,Category A,1664,2009,1623,56001,1.2073,0.8079,pre
2015-11-01,2,Category A,1662,2140,1650,59200,1.2876,0.771,pre
2015-12-01,1,Category A,1698,2132,1696,56989,1.2556,0.7955,pre
2015-12-01,2,Category A,1669,1978,1667,54301,1.1851,0.8428,pre
2016-01-01,1,Category A,1659,2013,1649,45002,1.2134,0.8192,pre
2016-01-01,2,Category A,1659,3437,1638,51301,2.0717,0.4766,pre
2016-02-01,1,Category A,2038,2972,2033,46651,1.4583,0.6841,pre
2016-02-01,2,Category A,2049,2965,2025,43000,1.447,0.683,pre
2016-03-01,1,Category A,2033,3518,1957,45000,1.7304,0.5563,pre
2016-03-01,2,Category A,2053,3836,2020,45504,1.8685,0.5266,pre
2016-04-01,1,Category A,2105,3719,2103,46009,1.7667,0.5655,pre
2016-04-01,2,Category A,2062,3327,2061,47300,1.6135,0.6195,pre
2016-05-01,1,Category A,2218,3446,2217,47889,1.5537,0.6434,pre
2016-05-01,2,Category A,2217,3227,2182,47020,1.4556,0.6762,pre
2016-06-01,1,Category A,2218,4545,2213,53694,2.0491,0.4869,pre
2016-06-01,2,Category A,2252,3957,2197,55200,1.7571,0.5552,pre
2016-07-01,1,Category A,2222,3194,2212,52301,1.4374,0.6925,pre
2016-07-01,2,Category A,2272,3195,2246,53000,1.4062,0.703,pre
2016-08-01,1,Category A,2018,2712,1959,52503,1.3439,0.7223,pre
2016-08-01,2,Category A,2034,2803,2034,53334,1.3781,0.7257,pre
2016-09-01,1,Category A,2067,2739,2011,51506,1.3251,0.7342,pre
2016-09-01,2,Category A,2008,2610,1993,50000,1.2998,0.7636,pre
2016-10-01,1,Category A,2064,2938,1979,51507,1.4234,0.6736,pre
2016-10-01,2,Category A,2023,2584,2021,50991,1.2773,0.7821,pre
2016-11-01,1,Category A,1929,2800,1929,52668,1.4515,0.6889,pre
2016-11-01,2,Category A,1846,2536,1846,50951,1.3738,0.7279,pre
2016-12-01,1,Category A,1844,2335,1812,48000,1.2663,0.776,pre
2016-12-01,2,Category A,1844,2554,1843,49751,1.385,0.7216,pre
2017-01-01,1,Category A,1877,2260,1870,50101,1.204,0.8274,pre
2017-01-01,2,Category A,1846,2437,1766,50889,1.3202,0.7247,pre
2017-02-01,1,Category A,2060,2691,2051,48401,1.3063,0.7622,pre
2017-02-01,2,Category A,2133,2926,2089,49430,1.3718,0.7139,pre
2017-03-01,1,Category A,2061,3190,2045,50789,1.5478,0.6411,pre
2017-03-01,2,Category A,2096,2961,2096,51765,1.4127,0.7079,pre
2017-04-01,1,Category A,2068,2486,2061,52000,1.2021,0.829,pre
2017-04-01,2,Category A,2052,2442,2030,51600,1.1901,0.8313,pre
2017-05-01,1,Category A,1905,2240,1905,51106,1.1759,0.8504,pre
2017-05-01,2,Category A,1920,2601,1913,46489,1.3547,0.7355,pre
2017-06-01,1,Category A,1898,2245,1893,45201,1.1828,0.8432,pre
2017-06-01,2,Category A,1906,2302,1898,42801,1.2078,0.8245,pre
2017-07-01,1,Category A,1904,2296,1902,42801,1.2059,0.8284,pre
2017-07-01,2,Category A,1907,2389,1905,44002,1.2528,0.7974,pre
2017-08-01,1,Category A,1817,2403,1812,46778,1.3225,0.7541,pre
2017-08-01,2,Category A,1817,2148,1817,42900,1.1822,0.8459,pre
2017-09-01,1,Category A,1820,2195,1806,36001,1.206,0.8228,pre
2017-09-01,2,Category A,1815,3469,1815,42902,1.9113,0.5232,pre
2017-10-01,1,Category A,1829,2808,1827,41761,1.5353,0.6506,pre
2017-10-01,2,Category A,1815,2391,1809,41617,1.3174,0.7566,pre
2017-11-01,1,Category A,1683,3430,1683,47112,2.038,0.4907,pre
2017-11-01,2,Category A,1686,2721,1679,46791,1.6139,0.6171,pre
2017-12-01,1,Category A,1680,2158,1667,42339,1.2845,0.7725,pre
2017-12-01,2,Category A,1687,1970,1654,38200,1.1678,0.8396,pre
2018-01-01,1,Category A,1693,2264,1693,41400,1.3373,0.7478,pre
2018-01-01,2,Category A,1713,1938,1708,36890,1.1313,0.8813,pre
2018-02-01,1,Category A,1557,2389,1534,40000,1.5344,0.6421,pre
2018-02-01,2,Category A,1562,2073,1561,36810,1.3271,0.753,pre
2018-03-01,1,Category A,1580,2405,1572,38830,1.5222,0.6536,pre
2018-03-01,2,Category A,1559,2117,1551,38000,1.3579,0.7326,pre
2018-04-01,1,Category A,1566,1888,1564,37000,1.2056,0.8284,pre
2018-04-01,2,Category A,1566,2027,1566,38510,1.2944,0.7726,pre
2018-05-01,1,Category A,1435,1836,1428,38941,1.2794,0.7778,pre
2018-05-01,2,Category A,1434,1805,1422,38001,1.2587,0.7878,pre
2018-06-01,1,Category A,1441,1696,1440,36426,1.177,0.8491,pre
2018-06-01,2,Category A,1446,1818,1437,34110,1.2573,0.7904,pre
2018-07-01,1,Category A,1435,1626,1427,25000,1.1331,0.8776,pre
2018-07-01,2,Category A,1443,3100,1412,32699,2.1483,0.4555,pre
2018-08-01,1,Category A,1672,3633,1672,33798,2.1728,0.4602,pre
2018-08-01,2,Category A,1695,2948,1695,31997,1.7392,0.575,pre
2018-09-01,1,Category A,1664,2488,1661,30209,1.4952,0.6676,pre
2018-09-01,2,Category A,1664,2059,1655,28000,1.2374,0.8038,pre
2018-10-01,1,Category A,1668,2059,1665,28457,1.2344,0.8086,pre
2018-10-01,2,Category A,1674,1811,1672,25556,1.0818,0.9232,pre
2018-11-01,1,Category A,1819,2849,1757,28199,1.5662,0.6167,pre
2018-11-01,2,Category A,1818,2231,1744,25000,1.2272,0.7817,pre
2018-12-01,1,Category A,1878,2177,1878,23568,1.1592,0.8627,pre
2018-12-01,2,Category A,1890,2729,1887,25501,1.4439,0.6915,pre
2019-01-01,1,Category A,1815,2707,1804,25920,1.4915,0.6664,pre
2019-01-01,2,Category A,1818,2864,1818,26170,1.5754,0.6348,pre
2019-02-01,1,Category A,1662,2371,1653,25689,1.4266,0.6972,pre
2019-02-01,2,Category A,1650,2261,1650,26301,1.3703,0.7298,pre
2019-03-01,1,Category A,1659,2213,1653,26309,1.3339,0.7469,pre
2019-03-01,2,Category A,1650,2204,1647,26659,1.3358,0.7473,pre
2019-04-01,1,Category A,1656,2338,1650,29159,1.4118,0.7057,pre
2019-04-01,2,Category A,1653,2249,1603,33199,1.3606,0.7128,pre
2019-05-01,1,Category A,1431,1988,1431,36704,1.3892,0.7198,pre
2019-05-01,2,Category A,1475,1799,1475,27000,1.2197,0.8199,pre
2019-06-01,1,Category A,1424,1902,1417,30009,1.3357,0.745,pre
2019-06-01,2,Category A,1424,1742,1225,26999,1.2233,0.7032,pre
2019-07-01,1,Category A,1431,1795,1428,28589,1.2544,0.7955,pre
2019-07-01,2,Category A,1623,1902,1617,26667,1.1719,0.8502,pre
2019-08-01,1,Category A,1059,2023,1059,32725,1.9103,0.5235,pre
2019-08-01,2,Category A,1062,1725,1062,31917,1.6243,0.6157,pre
2019-09-01,1,Category A,1056,1656,1056,31783,1.5682,0.6377,pre
2019-09-01,2,Category A,1056,1453,1053,31759,1.3759,0.7247,pre
2019-10-01,1,Category A,1057,1659,1033,34001,1.5695,0.6227,pre
2019-10-01,2,Category A,1060,1467,1056,32309,1.384,0.7198,pre
2019-11-01,1,Category A,1043,1302,1031,30000,1.2483,0.7919,pre
2019-11-01,2,Category A,1023,1468,1012,32000,1.435,0.6894,pre
2019-12-01,1,Category A,1030,1386,1013,33009,1.3456,0.7309,pre
2019-12-01,2,Category A,1029,1256,1013,32889,1.2206,0.8065,pre
2020-01-01,1,Category A,1035,1450,1026,35320,1.401,0.7076,pre
2020-01-01,2,Category A,1034,1390,1025,35010,1.3443,0.7374,pre
2020-02-01,1,Category A,982,1204,977,30010,1.2261,0.8115,pre
2020-02-01,2,Category A,982,1564,973,32999,1.5927,0.6221,pre
2020-03-01,1,Category A,978,1436,973,32699,1.4683,0.6776,pre
2020-03-01,2,Category A,982,1421,962,31210,1.447,0.677,pre
2020-07-01,1,Category A,1289,3061,1286,33520,2.3747,0.4201,pre
2020-07-01,2,Category A,1304,2485,1290,32699,1.9057,0.5191,pre
2020-08-01,1,Category A,1022,2047,1007,33000,2.0029,0.4919,pre
2020-08-01,2,Category A,1034,2099,1019,35710,2.03,0.4855,pre
2020-09-01,1,Category A,1035,1737,1035,37766,1.6783,0.5959,pre
2020-09-01,2,Category A,1034,1540,1031,38504,1.4894,0.6695,pre
2020-10-01,1,Category A,912,1272,907,36534,1.3947,0.7131,pre
2020-10-01,2,Category A,916,1323,907,37334,1.4443,0.6856,pre
2020-11-01,1,Category A,967,1262,952,35990,1.3051,0.7544,pre
2020-11-01,2,Category A,972,1361,966,37690,1.4002,0.7098,pre
2020-12-01,1,Category A,978,1620,978,40714,1.6564,0.6037,pre
2020-12-01,2,Category A,969,1403,966,40556,1.4479,0.6885,pre
2021-01-01,1,Category A,963,1280,962,40609,1.3292,0.7516,pre
2021-01-01,2,Category A,966,1309,946,43501,1.3551,0.7227,pre
2021-02-01,1,Category A,885,1098,881,42000,1.2407,0.8024,pre
2021-02-01,2,Category A,903,1226,900,41001,1.3577,0.7341,pre
2021-03-01,1,Category A,887,1175,887,41996,1.3247,0.7549,pre
2021-03-01,2,Category A,886,1186,879,44589,1.3386,0.7411,pre
2021-04-01,1,Category A,883,1212,880,45600,1.3726,0.7261,pre
2021-04-01,2,Category A,890,1290,883,49640,1.4494,0.6845,pre
2021-05-01,1,Category A,832,1100,803,48002,1.3221,0.73,pre
2021-05-01,2,Category A,835,1209,834,41801,1.4479,0.6898,pre
2021-06-01,1,Category A,858,1439,820,48510,1.6772,0.5698,pre
2021-06-01,2,Category A,830,1178,823,47821,1.4193,0.6986,pre
2021-07-01,1,Category A,867,1149,864,45001,1.3253,0.752,pre
2021-07-01,2,Category A,836,1240,832,47010,1.4833,0.671,pre
2021-08-01,1,Category A,805,1021,804,45189,1.2683,0.7875,pre
2021-08-01,2,Category A,806,1127,806,46689,1.3983,0.7152,pre
2021-09-01,1,Category A,804,1124,790,47000,1.398,0.7028,pre
2021-09-01,2,Category A,803,1040,795,48000,1.2951,0.7644,pre
2021-10-01,1,Category A,816,1077,812,47001,1.3199,0.7539,pre
2021-10-01,2,Category A,811,1304,806,52709,1.6079,0.6181,pre
2021-11-01,1,Category A,536,834,531,53709,1.556,0.6367,pre
2021-11-01,2,Category A,537,706,535,55001,1.3147,0.7578,pre
2021-12-01,1,Category A,536,771,525,57010,1.4384,0.6809,pre
2021-12-01,2,Category A,534,740,534,58801,1.3858,0.7216,pre
2022-01-01,1,Category A,543,760,533,57599,1.3996,0.7013,pre
2022-01-01,2,Category A,531,711,526,57898,1.339,0.7398,pre
2022-02-01,1,Category A,542,819,542,60761,1.5111,0.6618,pre
2022-02-01,2,Category A,536,876,524,63000,1.6343,0.5982,pre
2022-03-01,1,Category A,531,962,526,68501,1.8117,0.5468,pre
2022-03-01,2,Category A,543,849,542,71556,1.5635,0.6384,pre
2022-04-01,1,Category A,536,723,536,72996,1.3489,0.7414,pre
2022-04-01,2,Category A,532,744,519,68699,1.3985,0.6976,pre
2022-05-01,1,Category A,612,804,612,70901,1.3137,0.7612,post
2022-05-01,2,Category A,625,819,623,68001,1.3104,0.7607,post
2022-06-01,1,Category A,612,874,607,73801,1.4281,0.6945,post
2022-06-01,2,Category A,614,850,598,74989,1.3844,0.7035,post
2022-07-01,1,Category A,617,900,606,78001,1.4587,0.6733,post
2022-07-01,2,Category A,628,834,620,78899,1.328,0.7434,post
2022-08-01,1,Category A,554,689,541,80000,1.2437,0.7852,post
2022-08-01,2,Category A,551,835,551,87889,1.5154,0.6599,post
2022-09-01,1,Category A,556,723,535,86000,1.3004,0.74,post
2022-09-01,2,Category A,543,759,527,84000,1.3978,0.6943,post
2022-10-01,1,Category A,564,724,561,80501,1.2837,0.7749,post
2022-10-01,2,Category A,559,714,558,81089,1.2773,0.7815,post
2022-11-01,1,Category A,460,687,460,87235,1.4935,0.6696,post
2022-11-01,2,Category A,459,622,444,90589,1.3551,0.7138,post
2022-12-01,1,Category A,458,616,454,88503,1.345,0.737,post
2022-12-01,2,Category A,473,618,472,88007,1.3066,0.7638,post
2023-01-01,1,Category A,462,649,459,80000,1.4048,0.7072,post
2023-01-01,2,Category A,459,627,456,86000,1.366,0.7273,post
2023-02-01,1,Category A,509,663,497,86000,1.3026,0.7496,post
2023-02-01,2,Category A,508,702,504,86556,1.3819,0.7179,post
2023-03-01,1,Category A,517,665,507,88000,1.2863,0.7624,post
2023-03-01,2,Category A,510,768,508,93503,1.5059,0.6615,post
2023-04-01,1,Category A,515,749,508,96501,1.4544,0.6782,post
2023-04-01,2,Category A,507,750,489,103721,1.4793,0.652,post
2023-05-01,1,Category A,474,663,472,101001,1.3987,0.7119,post
2023-05-01,2,Category A,596,936,588,92000,1.5705,0.6282,post
2023-06-01,1,Category A,581,881,571,98001,1.5164,0.6481,post
2023-06-01,2,Category A,586,751,583,96206,1.2816,0.7763,post
2023-07-01,1,Category A,588,756,587,97000,1.2857,0.7765,post
2023-07-01,2,Category A,581,728,576,95202,1.253,0.7912,post
2023-08-01,1,Category A,632,949,618,99499,1.5016,0.6512,post
2023-08-01,2,Category A,636,908,616,100000,1.4277,0.6784,post
2023-09-01,1,Category A,645,840,640,101000,1.3023,0.7619,post
2023-09-01,2,Category A,651,864,635,105000,1.3272,0.735,post
2023-10-01,1,Category A,785,1039,779,104000,1.3236,0.7498,post
2023-10-01,2,Category A,797,1028,791,106000,1.2898,0.7695,post
2023-11-01,1,Category A,924,1165,915,95689,1.2608,0.7854,post
2023-11-01,2,Category A,925,1291,925,85001,1.3957,0.7165,post
2023-12-01,1,Category A,928,1233,923,88020,1.3287,0.7486,post
2023-12-01,2,Category A,919,1166,915,85000,1.2688,0.7847,post
2024-01-01,1,Category A,924,1184,920,65010,1.2814,0.777,post
2024-01-01,2,Category A,923,1880,921,81589,2.0368,0.4899,post
2024-02-01,1,Category A,938,1931,910,79000,2.0586,0.4713,post
2024-02-01,2,Category A,937,1909,936,76801,2.0374,0.4903,post
2024-03-01,1,Category A,963,1866,923,83000,1.9377,0.4946,post
2024-03-01,2,Category A,936,1922,935,85489,2.0534,0.4865,post
2024-04-01,1,Category A,975,1922,970,89000,1.9713,0.5047,post
2024-04-01,2,Category A,936,1390,916,94010,1.485,0.659,post
2024-05-01,1,Category A,968,1632,968,93604,1.686,0.5931,post
2024-05-01,2,Category A,983,1444,980,92700,1.469,0.6787,post
2024-06-01,1,Category A,962,1467,957,88200,1.5249,0.6524,post
2024-06-01,2,Category A,966,1403,955,90889,1.4524,0.6807,post
2024-07-01,1,Category A,967,1429,932,91001,1.4778,0.6522,post
2024-07-01,2,Category A,973,1342,972,91899,1.3792,0.7243,post
2024-08-01,1,Category A,1013,1570,1007,94289,1.5499,0.6414,post
2024-08-01,2,Category A,978,1314,966,93900,1.3436,0.7352,post
2024-09-01,1,Category A,983,1308,966,96490,1.3306,0.7385,post
2024-09-01,2,Category A,990,1377,909,98524,1.3909,0.6601,post
2024-10-01,1,Category A,994,1604,986,103799,1.6137,0.6147,post
2024-10-01,2,Category A,1058,1499,1048,102900,1.4168,0.6991,post
2024-11-01,1,Category A,1040,1338,1035,99889,1.2865,0.7735,post
2024-11-01,2,Category A,1041,1320,1038,89889,1.268,0.7864,post
2024-12-01,1,Category A,1037,1475,1034,94000,1.4224,0.701,post
2024-12-01,2,Category A,1035,1506,998,96000,1.4551,0.6627,post
2025-01-01,1,Category A,1034,1381,1034,93699,1.3356,0.7487,post
2025-01-01,2,Category A,1069,1484,1058,93601,1.3882,0.7129,post
2025-02-01,1,Category A,1138,1446,1132,85000,1.2707,0.7828,post
2025-02-01,2,Category A,1149,2290,1149,92850,1.993,0.5017,post
2025-03-01,1,Category A,1144,2034,1144,92730,1.778,0.5624,post
2025-03-01,2,Category A,1138,1951,1137,94502,1.7144,0.5828,post
2025-04-01,1,Category A,1138,2162,1122,97724,1.8998,0.519,post
2025-04-01,2,Category A,1139,2121,1124,99500,1.8622,0.5299,post
2025-05-01,1,Category A,1267,2240,1244,103009,1.768,0.5554,post
2025-05-01,2,Category A,1267,1915,1265,102501,1.5114,0.6606,post
2025-06-01,1,Category A,1275,1691,1274,96999,1.3263,0.7534,post
2025-06-01,2,Category A,1254,1647,1253,98124,1.3134,0.7608,post
2025-07-01,1,Category A,1253,1918,1250,101102,1.5307,0.6517,post
2025-07-01,2,Category A,1253,1874,1253,101102,1.4956,0.6686,post
2025-08-01,1,Category A,1268,1755,1257,102009,1.3841,0.7162,post
2025-08-01,2,Category A,1264,1922,1257,104524,1.5206,0.654,post
2025-09-01,1,Category A,1275,1844,1271,107889,1.4463,0.6893,post
2025-09-01,2,Category A,1272,2521,1266,119003,1.9819,0.5022,post
2025-10-01,1,Category A,1268,2572,1239,128105,2.0284,0.4817,post
2025-10-01,2,Category A,1270,1968,1262,122000,1.5496,0.6413,post
2025-11-01,1,Category A,1306,1682,1303,110002,1.2879,0.7747,post
2025-11-01,2,Category A,1285,1587,1279,109000,1.235,0.8059,post
2025-12-01,1,Category A,1280,1557,1272,105413,1.2164,0.817,post
2025-12-01,2,Category A,1283,1647,1259,109501,1.2837,0.7644,post
2026-01-01,1,Category A,1285,1658,1284,102009,1.2903,0.7744,post
2026-01-01,2,Category A,1301,2303,1277,109501,1.7702,0.5545,post
2026-02-01,1,Category A,1265,1982,1261,106320,1.5668,0.6362,post
2026-02-01,2,Category A,1289,1975,1289,106501,1.5322,0.6527,post
2026-03-01,1,Category A,1268,1762,1267,108220,1.3896,0.7191,post
2026-03-01,2,Category A,1264,1895,1263,111890,1.4992,0.6665,post
2026-04-01,1,Category A,1265,2537,1203,118000,2.0055,0.4742,post
2026-04-01,2,Category A,1265,2410,1265,123010,1.9051,0.5249,post
2026-05-01,1,Category A,1301,2071,1294,124790,1.5919,0.6248,post
2026-05-01,2,Category A,1239,2283,1227,124229,1.8426,0.5375,post
2026-06-01,1,Category A,1246,2076,1241,126009,1.6661,0.5978,post
2026-06-01,2,Category A,1251,1768,1245,123847,1.4133,0.7042,post
2026-07-01,1,Category A,1244,1879,1207,129000,1.5105,0.6424,post
2026-07-01,2,Category A,1245,1590,1237,126000,1.2771,0.778,post
2026-08-01,1,Category A,1226,1522,1220,123890,1.2414,0.8016,post
2026-08-01,2,Category A,1197,1600,1193,128501,1.3367,0.7456,post
2026-09-01,1,Category A,1195,1708,1152,133009,1.4293,0.6745,post
2026-09-01,2,Category A,1193,1507,1191,131890,1.2632,0.7903,post
2010-01-01,1,Category B,687,883,679,19190,1.2853,0.769,pre
2010-01-01,2,Category B,717,1105,717,22400,1.5411,0.6489,pre
2010-02-01,1,Category B,1154,930,690,23180,0.8059,0.7419,pre
2010-02-01,2,Category B,685,956,658,23889,1.3956,0.6883,pre
2010-03-01,1,Category B,688,1087,667,26389,1.5799,0.6136,pre
2010-03-01,2,Category B,711,1207,699,36089,1.6976,0.5791,pre
2010-04-01,1,Category B,571,858,571,45501,1.5026,0.6655,pre
2010-04-01,2,Category B,561,896,549,40001,1.5971,0.6127,pre
2010-05-01,1,Category B,550,869,547,38000,1.58,0.6295,pre
2010-05-01,2,Category B,561,715,553,34600,1.2745,0.7734,pre
2010-06-01,1,Category B,553,779,546,40002,1.4087,0.7009,pre
2010-06-01,2,Category B,557,720,554,39911,1.2926,0.7694,pre
2010-07-01,1,Category B,557,671,557,35909,1.2047,0.8301,pre
2010-07-01,2,Category B,552,890,548,42889,1.6123,0.6157,pre
2010-08-01,1,Category B,479,662,479,43334,1.382,0.7236,pre
2010-08-01,2,Category B,482,683,472,42810,1.417,0.6911,pre
2010-09-01,1,Category B,479,757,479,44129,1.5804,0.6328,pre
2010-09-01,2,Category B,488,648,488,42501,1.3279,0.7531,pre
2010-10-01,1,Category B,479,630,476,42801,1.3152,0.7556,pre
2010-10-01,2,Category B,479,766,478,44600,1.5992,0.624,pre
2010-11-01,1,Category B,482,718,482,45501,1.4896,0.6713,pre
2010-11-01,2,Category B,480,709,459,47890,1.4771,0.6474,pre
2010-12-01,1,Category B,479,1034,477,62502,2.1587,0.4613,pre
2010-12-01,2,Category B,499,872,494,72001,1.7475,0.5665,pre
2011-01-01,1,Category B,481,790,474,69000,1.6424,0.6,pre
2011-01-01,2,Category B,483,700,482,58910,1.4493,0.6886,pre
2011-02-01,1,Category B,431,640,431,53400,1.4849,0.6734,pre
2011-02-01,2,Category B,424,726,423,62000,1.7123,0.5826,pre
2011-03-01,1,Category B,424,667,423,61894,1.5731,0.6342,pre
2011-03-01,2,Category B,424,579,424,57002,1.3656,0.7323,pre
2011-04-01,1,Category B,425,542,410,55001,1.2753,0.7565,pre
2011-04-01,2,Category B,423,627,422,56801,1.4823,0.673,pre
2011-05-01,1,Category B,439,650,439,56011,1.4806,0.6754,pre
2011-05-01,2,Category B,424,564,424,56300,1.3302,0.7518,pre
2011-06-01,1,Category B,424,759,403,63000,1.7901,0.531,pre
2011-06-01,2,Category B,423,684,410,67700,1.617,0.5994,pre
2011-07-01,1,Category B,445,728,444,68501,1.636,0.6099,pre
2011-07-01,2,Category B,436,626,436,72501,1.4358,0.6965,pre
2011-08-01,1,Category B,354,469,349,70890,1.3249,0.7441,pre
2011-08-01,2,Category B,353,527,353,65521,1.4929,0.6698,pre
2011-09-01,1,Category B,359,496,356,63002,1.3816,0.7177,pre
2011-09-01,2,Category B,353,469,353,64889,1.3286,0.7527,pre
2011-10-01,1,Category B,356,524,353,63600,1.4719,0.6737,pre
2011-10-01,2,Category B,353,633,353,75889,1.7932,0.5577,pre
2011-11-01,1,Category B,356,551,355,77000,1.5478,0.6443,pre
2011-11-01,2,Category B,353,518,338,77340,1.4674,0.6525,pre
2011-12-01,1,Category B,354,474,351,72350,1.339,0.7405,pre
2011-12-01,2,Category B,368,464,368,70003,1.2609,0.7931,pre
2012-01-01,1,Category B,356,511,356,65801,1.4354,0.6967,pre
2012-01-01,2,Category B,353,537,351,67889,1.5212,0.6536,pre
2012-02-01,1,Category B,350,635,346,73890,1.8143,0.5449,pre
2012-02-01,2,Category B,351,580,348,78189,1.6524,0.6,pre
2012-03-01,1,Category B,354,626,352,79304,1.7684,0.5623,pre
2012-03-01,2,Category B,352,529,352,82003,1.5028,0.6654,pre
2012-04-01,1,Category B,352,483,348,83700,1.3722,0.7205,pre
2012-04-01,2,Category B,349,563,349,91000,1.6132,0.6199,pre
2012-05-01,1,Category B,354,545,354,92050,1.5395,0.6495,pre
2012-05-01,2,Category B,349,482,349,85216,1.3811,0.7241,pre
2012-06-01,1,Category B,350,490,342,83000,1.4,0.698,pre
2012-06-01,2,Category B,349,477,346,85400,1.3668,0.7254,pre
2012-07-01,1,Category B,358,459,358,82289,1.2821,0.78,pre
2012-07-01,2,Category B,353,549,352,90501,1.5552,0.6412,pre
2012-08-01,1,Category B,350,489,345,94502,1.3971,0.7055,pre
2012-08-01,2,Category B,351,532,351,88002,1.5157,0.6598,pre
2012-09-01,1,Category B,355,466,355,80191,1.3127,0.7618,pre
2012-09-01,2,Category B,351,523,349,88500,1.49,0.6673,pre
2012-10-01,1,Category B,350,414,350,80001,1.1829,0.8454,pre
2012-10-01,2,Category B,353,540,353,85801,1.5297,0.6537,pre
2012-11-01,1,Category B,350,573,350,92400,1.6371,0.6108,pre
2012-11-01,2,Category B,351,487,342,93004,1.3875,0.7023,pre
2012-12-01,1,Category B,350,493,337,90200,1.4086,0.6836,pre
2012-12-01,2,Category B,360,478,360,93501,1.3278,0.7531,pre
2013-01-01,1,Category B,363,470,363,96210,1.2948,0.7723,pre
2013-01-01,2,Category B,351,452,351,95501,1.2877,0.7765,pre
2013-02-01,1,Category B,302,431,278,92901,1.4272,0.645,pre
2013-02-01,2,Category B,303,409,299,92667,1.3498,0.7311,pre
2013-03-01,1,Category B,326,1028,326,58090,3.1534,0.3171,pre
2013-03-01,2,Category B,307,940,300,73900,3.0619,0.3191,pre
2013-04-01,1,Category B,302,835,287,67010,2.7649,0.3437,pre
2013-04-01,2,Category B,310,683,281,62000,2.2032,0.4114,pre
2013-05-01,1,Category B,317,601,317,61700,1.8959,0.5275,pre
2013-05-01,2,Category B,332,749,329,67304,2.256,0.4393,pre
2013-06-01,1,Category B,302,732,274,75000,2.4238,0.3743,pre
2013-06-01,2,Category B,305,734,304,81751,2.4066,0.4142,pre
2013-07-01,1,Category B,331,652,325,77110,1.9698,0.4985,pre
2013-07-01,2,Category B,303,574,301,76389,1.8944,0.5244,pre
2013-08-01,1,Category B,380,682,373,77600,1.7947,0.5469,pre
2013-08-01,2,Category B,375,627,371,76607,1.672,0.5917,pre
2013-09-01,1,Category B,381,623,378,77100,1.6352,0.6067,pre
2013-09-01,2,Category B,377,703,368,86239,1.8647,0.5235,pre
2013-10-01,1,Category B,376,649,373,93500,1.7261,0.5747,pre
2013-10-01,2,Category B,382,515,376,87910,1.3482,0.7301,pre
2013-11-01,1,Category B,376,482,376,84578,1.2819,0.7801,pre
2013-11-01,2,Category B,379,536,375,79300,1.4142,0.6996,pre
2013-12-01,1,Category B,373,549,360,73010,1.4718,0.6557,pre
2013-12-01,2,Category B,377,500,357,75700,1.3263,0.714,pre
2014-01-01,1,Category B,386,581,377,78700,1.5052,0.6489,pre
2014-01-01,2,Category B,393,512,388,79000,1.3028,0.7578,pre
2014-02-01,1,Category B,360,523,360,75300,1.4528,0.6883,pre
2014-02-01,2,Category B,355,519,353,78604,1.462,0.6802,pre
2014-03-01,1,Category B,350,499,337,80710,1.4257,0.6754,pre
2014-03-01,2,Category B,353,524,352,82900,1.4844,0.6718,pre
2014-04-01,1,Category B,363,523,363,84504,1.4408,0.6941,pre
2014-04-01,2,Category B,351,486,349,75010,1.3846,0.7181,pre
2014-05-01,1,Category B,483,778,472,70002,1.6108,0.6067,pre
2014-05-01,2,Category B,484,716,477,68103,1.4793,0.6662,pre
2014-06-01,1,Category B,494,807,484,67304,1.6336,0.5998,pre
2014-06-01,2,Category B,490,716,475,65700,1.4612,0.6634,pre
2014-07-01,1,Category B,493,812,491,64889,1.6471,0.6047,pre
2014-07-01,2,Category B,498,850,497,65001,1.7068,0.5847,pre
2014-08-01,1,Category B,507,1090,501,68689,2.1499,0.4596,pre
2014-08-01,2,Category B,506,1137,502,72990,2.247,0.4415,pre
2014-09-01,1,Category B,511,909,511,73010,1.7789,0.5622,pre
2014-09-01,2,Category B,509,785,507,71990,1.5422,0.6459,pre
2014-10-01,1,Category B,505,852,501,72180,1.6871,0.588,pre
2014-10-01,2,Category B,507,822,506,72002,1.6213,0.6156,pre
2014-11-01,1,Category B,574,832,559,70890,1.4495,0.6719,pre
2014-11-01,2,Category B,570,900,560,72890,1.5789,0.6222,pre
2014-12-01,1,Category B,584,873,582,74389,1.4949,0.6667,pre
2014-12-01,2,Category B,579,755,572,74000,1.304,0.7576,pre
2015-01-01,1,Category B,571,833,570,75289,1.4588,0.6843,pre
2015-01-01,2,Category B,576,915,576,76889,1.5885,0.6295,pre
2015-02-01,1,Category B,724,959,723,70890,1.3246,0.7539,pre
2015-02-01,2,Category B,722,1037,721,66751,1.4363,0.6953,pre
2015-03-01,1,Category B,723,1239,723,68668,1.7137,0.5835,pre
2015-03-01,2,Category B,723,1354,717,71889,1.8728,0.5295,pre
2015-04-01,1,Category B,722,1661,716,76612,2.3006,0.4311,pre
2015-04-01,2,Category B,728,1525,708,78001,2.0948,0.4643,pre
2015-05-01,1,Category B,934,1631,934,77600,1.7463,0.5727,pre
2015-05-01,2,Category B,948,1401,948,75002,1.4778,0.6767,pre
2015-06-01,1,Category B,929,1384,923,75000,1.4898,0.6669,pre
2015-06-01,2,Category B,928,1144,926,71509,1.2328,0.8094,pre
2015-07-01,1,Category B,934,1225,933,65501,1.3116,0.7616,pre
2015-07-01,2,Category B,930,1218,929,58109,1.3097,0.7627,pre
2015-08-01,1,Category B,1057,1634,1054,60789,1.5459,0.645,pre
2015-08-01,2,Category B,1058,1551,1056,62140,1.466,0.6809,pre
2015-09-01,1,Category B,1059,1628,1058,62101,1.5373,0.6499,pre
2015-09-01,2,Category B,1058,1371,1041,60001,1.2958,0.7593,pre
2015-10-01,1,Category B,1057,1373,1044,58190,1.299,0.7604,pre
2015-10-01,2,Category B,1073,1367,1069,59889,1.274,0.782,pre
2015-11-01,1,Category B,1037,1267,1031,57501,1.2218,0.8137,pre
2015-11-01,2,Category B,1029,1388,1026,61103,1.3489,0.7392,pre
2015-12-01,1,Category B,1031,1324,1028,60001,1.2842,0.7764,pre
2015-12-01,2,Category B,1027,1200,1025,55001,1.1685,0.8542,pre
2016-01-01,1,Category B,1027,1262,1019,54920,1.2288,0.8074,pre
2016-01-01,2,Category B,1026,1334,1026,50089,1.3002,0.7691,pre
2016-02-01,1,Category B,1216,1624,1216,38610,1.3355,0.7488,pre
2016-02-01,2,Category B,1208,2898,1197,46970,2.399,0.413,pre
2016-03-01,1,Category B,1209,2706,1200,47604,2.2382,0.4435,pre
2016-03-01,2,Category B,1220,2491,1218,46502,2.0418,0.489,pre
2016-04-01,1,Category B,1218,2247,1218,47000,1.8448,0.5421,pre
2016-04-01,2,Category B,1211,2364,1136,49602,1.9521,0.4805,pre
2016-05-01,1,Category B,1462,2435,1454,51010,1.6655,0.5971,pre
2016-05-01,2,Category B,1537,2322,1536,49156,1.5107,0.6615,pre
2016-06-01,1,Category B,1470,3436,1463,56000,2.3374,0.4258,pre
2016-06-01,2,Category B,1463,2914,1462,57010,1.9918,0.5017,pre
2016-07-01,1,Category B,1469,2547,1469,56089,1.7338,0.5768,pre
2016-07-01,2,Category B,1463,2439,1463,57508,1.6671,0.5998,pre
2016-08-01,1,Category B,1336,2156,1300,57903,1.6138,0.603,pre
2016-08-01,2,Category B,1336,2088,1334,56500,1.5629,0.6389,pre
2016-09-01,1,Category B,1372,2183,1358,57002,1.5911,0.6221,pre
2016-09-01,2,Category B,1338,2017,1334,55501,1.5075,0.6614,pre
2016-10-01,1,Category B,1350,1785,1246,53001,1.3222,0.698,pre
2016-10-01,2,Category B,1340,1768,1329,56410,1.3194,0.7517,pre
2016-11-01,1,Category B,1347,2012,1345,56206,1.4937,0.6685,pre
2016-11-01,2,Category B,1254,1708,1253,53001,1.362,0.7336,pre
2016-12-01,1,Category B,1245,1494,1237,46229,1.2,0.828,pre
2016-12-01,2,Category B,1244,2052,1242,51109,1.6495,0.6053,pre
2017-01-01,1,Category B,1252,1835,1243,53106,1.4657,0.6774,pre
2017-01-01,2,Category B,1246,1967,1226,52807,1.5787,0.6233,pre
2017-02-01,1,Category B,1366,1783,1352,48209,1.3053,0.7583,pre
2017-02-01,2,Category B,1377,2126,1377,50621,1.5439,0.6477,pre
2017-03-01,1,Category B,1371,2298,1368,53300,1.6761,0.5953,pre
2017-03-01,2,Category B,1357,2081,1345,54000,1.5335,0.6463,pre
2017-04-01,1,Category B,1360,1970,1360,54405,1.4485,0.6904,pre
2017-04-01,2,Category B,1369,2000,1365,54406,1.4609,0.6825,pre
2017-05-01,1,Category B,1320,1996,1316,55414,1.5121,0.6593,pre
2017-05-01,2,Category B,1325,1725,1325,53001,1.3019,0.7681,pre
2017-06-01,1,Category B,1325,1582,1324,50110,1.194,0.8369,pre
2017-06-01,2,Category B,1321,1651,1320,47501,1.2498,0.7995,pre
2017-07-01,1,Category B,1322,1910,1321,49802,1.4448,0.6916,pre
2017-07-01,2,Category B,1322,1784,1314,50001,1.3495,0.7365,pre
2017-08-01,1,Category B,1286,1978,1281,53711,1.5381,0.6476,pre
2017-08-01,2,Category B,1293,1683,1290,51000,1.3016,0.7665,pre
2017-09-01,1,Category B,1290,1704,1290,49000,1.3209,0.757,pre
2017-09-01,2,Category B,1288,1859,1288,49189,1.4433,0.6928,pre
2017-10-01,1,Category B,1285,1646,1284,48109,1.2809,0.7801,pre
2017-10-01,2,Category B,1285,1718,1277,49996,1.337,0.7433,pre
2017-11-01,1,Category B,1376,2515,1375,57414,1.8278,0.5467,pre
2017-11-01,2,Category B,1383,2173,1383,57390,1.5712,0.6364,pre
2017-12-01,1,Category B,1375,1805,1375,53711,1.3127,0.7618,pre
2017-12-01,2,Category B,1374,1634,1367,47002,1.1892,0.8366,pre
2018-01-01,1,Category B,1374,1811,1368,45289,1.318,0.7554,pre
2018-01-01,2,Category B,1381,1654,1380,42661,1.1977,0.8343,pre
2018-02-01,1,Category B,1396,1831,1396,42322,1.3116,0.7624,pre
2018-02-01,2,Category B,1391,1744,1379,39000,1.2538,0.7907,pre
2018-03-01,1,Category B,1390,1731,1390,39001,1.2453,0.803,pre
2018-03-01,2,Category B,1402,1639,1374,37010,1.169,0.8383,pre
2018-04-01,1,Category B,1389,1689,1388,37605,1.216,0.8218,pre
2018-04-01,2,Category B,1417,1919,1414,37330,1.3543,0.7368,pre
2018-05-01,1,Category B,1280,2155,1267,38501,1.6836,0.5879,pre
2018-05-01,2,Category B,1283,1915,1247,37989,1.4926,0.6512,pre
2018-06-01,1,Category B,1293,1727,1285,36000,1.3357,0.7441,pre
2018-06-01,2,Category B,1316,1729,1311,33900,1.3138,0.7582,pre
2018-07-01,1,Category B,1288,1637,1288,31000,1.271,0.7868,pre
2018-07-01,2,Category B,1285,1919,1278,32551,1.4934,0.666,pre
2018-08-01,1,Category B,1265,2132,1256,34381,1.6854,0.5891,pre
2018-08-01,2,Category B,1272,2031,1259,32429,1.5967,0.6199,pre
2018-09-01,1,Category B,1274,1959,1268,32001,1.5377,0.6473,pre
2018-09-01,2,Category B,1278,1859,1269,31307,1.4546,0.6826,pre
2018-10-01,1,Category B,1271,1886,1241,31301,1.4839,0.658,pre
2018-10-01,2,Category B,1273,1856,1267,31302,1.458,0.6827,pre
2018-11-01,1,Category B,1265,2142,1262,32302,1.6933,0.5892,pre
2018-11-01,2,Category B,1241,1786,1234,31101,1.4392,0.6909,pre
2018-12-01,1,Category B,1239,1780,1230,31001,1.4366,0.691,pre
2018-12-01,2,Category B,1243,1804,1235,31001,1.4513,0.6846,pre
2019-01-01,1,Category B,1245,1818,1242,32200,1.4602,0.6832,pre
2019-01-01,2,Category B,1244,2119,1230,33989,1.7034,0.5805,pre
2019-02-01,1,Category B,1202,1937,1169,34509,1.6115,0.6035,pre
2019-02-01,2,Category B,1214,1993,1213,35403,1.6417,0.6086,pre
2019-03-01,1,Category B,1233,1903,1230,36961,1.5434,0.6463,pre
2019-03-01,2,Category B,1201,1878,1195,39401,1.5637,0.6363,pre
2019-04-01,1,Category B,1202,1782,1202,43102,1.4825,0.6745,pre
2019-04-01,2,Category B,1205,1634,1181,48000,1.356,0.7228,pre
2019-05-01,1,Category B,1139,1360,1139,48010,1.194,0.8375,pre
2019-05-01,2,Category B,1163,1407,1161,42564,1.2098,0.8252,pre
2019-06-01,1,Category B,1139,1346,1137,39728,1.1817,0.8447,pre
2019-06-01,2,Category B,1141,1418,1137,35906,1.2428,0.8018,pre
2019-07-01,1,Category B,1141,1390,1135,34000,1.2182,0.8165,pre
2019-07-01,2,Category B,1143,1677,1140,39406,1.4672,0.6798,pre
2019-08-01,1,Category B,1047,1487,1043,40001,1.4202,0.7014,pre
2019-08-01,2,Category B,1045,1415,1043,38602,1.3541,0.7371,pre
2019-09-01,1,Category B,1046,1289,1040,36001,1.2323,0.8068,pre
2019-09-01,2,Category B,1044,1418,1042,37000,1.3582,0.7348,pre
2019-10-01,1,Category B,1048,1559,1042,41361,1.4876,0.6684,pre
2019-10-01,2,Category B,1044,1503,1037,41805,1.4397,0.69,pre
2019-11-01,1,Category B,1017,1296,1016,40009,1.2743,0.784,pre
2019-11-01,2,Category B,1019,1331,1016,39700,1.3062,0.7633,pre
2019-12-01,1,Category B,1013,1265,1003,37900,1.2488,0.7929,pre
2019-12-01,2,Category B,1015,1251,1015,36000,1.2325,0.8114,pre
2020-01-01,1,Category B,1022,1229,1021,37109,1.2025,0.8308,pre
2020-01-01,2,Category B,1012,1157,1008,37705,1.1433,0.8712,pre
2020-02-01,1,Category B,984,1173,980,30890,1.1921,0.8355,pre
2020-02-01,2,Category B,987,1459,978,32889,1.4782,0.6703,pre
2020-03-01,1,Category B,987,1347,987,32801,1.3647,0.7327,pre
2020-03-01,2,Category B,992,1366,943,30012,1.377,0.6903,pre
2020-07-01,1,Category B,1291,3160,1260,35889,2.4477,0.3987,pre
2020-07-01,2,Category B,1339,2497,1316,35001,1.8648,0.527,pre
2020-08-01,1,Category B,932,1985,928,37102,2.1298,0.4675,pre
2020-08-01,2,Category B,923,1727,912,38802,1.8711,0.5281,pre
2020-09-01,1,Category B,904,1715,892,41510,1.8971,0.5201,pre
2020-09-01,2,Category B,912,1497,912,40989,1.6414,0.6092,pre
2020-10-01,1,Category B,805,1218,800,40690,1.513,0.6568,pre
2020-10-01,2,Category B,793,1272,793,40990,1.604,0.6234,pre
2020-11-01,1,Category B,1013,1415,985,39000,1.3968,0.6961,pre
2020-11-01,2,Category B,1007,1559,1006,41101,1.5482,0.6453,pre
2020-12-01,1,Category B,1035,1712,1019,45012,1.6541,0.5952,pre
2020-12-01,2,Category B,1009,1631,998,49300,1.6165,0.6119,pre
2021-01-01,1,Category B,1023,1396,1021,49001,1.3646,0.7314,pre
2021-01-01,2,Category B,1018,1338,1018,50100,1.3143,0.7608,pre
2021-02-01,1,Category B,943,1107,943,46790,1.1739,0.8519,pre
2021-02-01,2,Category B,942,1168,938,46002,1.2399,0.8031,pre
2021-03-01,1,Category B,942,1121,926,45001,1.19,0.826,pre
2021-03-01,2,Category B,946,1222,932,47001,1.2918,0.7627,pre
2021-04-01,1,Category B,958,1524,949,52309,1.5908,0.6227,pre
2021-04-01,2,Category B,956,1585,949,61190,1.6579,0.5987,pre
2021-05-01,1,Category B,819,1244,813,60001,1.5189,0.6535,pre
2021-05-01,2,Category B,817,1089,817,58089,1.3329,0.7502,pre
2021-06-01,1,Category B,815,1107,784,60109,1.3583,0.7082,pre
2021-06-01,2,Category B,809,983,799,56032,1.2151,0.8128,pre
2021-07-01,1,Category B,840,1087,840,56100,1.294,0.7728,pre
2021-07-01,2,Category B,819,1107,796,59501,1.3516,0.7191,pre
2021-08-01,1,Category B,771,980,751,56001,1.2711,0.7663,pre
2021-08-01,2,Category B,794,1065,793,61001,1.3413,0.7446,pre
2021-09-01,1,Category B,791,1080,788,62600,1.3654,0.7296,pre
2021-09-01,2,Category B,772,1189,768,68310,1.5402,0.6459,pre
2021-10-01,1,Category B,774,1130,774,70200,1.4599,0.685,pre
2021-10-01,2,Category B,774,1240,767,80210,1.6021,0.6185,pre
2021-11-01,1,Category B,587,839,581,82801,1.4293,0.6925,pre
2021-11-01,2,Category B,594,797,585,79601,1.3418,0.734,pre
2021-12-01,1,Category B,593,822,593,80401,1.3862,0.7214,pre
2021-12-01,2,Category B,595,829,590,80989,1.3933,0.7117,pre
2022-01-01,1,Category B,587,712,586,77700,1.2129,0.823,pre
2022-01-01,2,Category B,592,907,583,82001,1.5321,0.6428,pre
2022-02-01,1,Category B,550,865,549,86102,1.5727,0.6347,pre
2022-02-01,2,Category B,559,939,554,93590,1.6798,0.59,pre
2022-03-01,1,Category B,551,860,551,94889,1.5608,0.6407,pre
2022-03-01,2,Category B,555,824,545,98889,1.4847,0.6614,pre
2022-04-01,1,Category B,550,708,550,98389,1.2873,0.7768,pre
2022-04-01,2,Category B,560,687,559,90002,1.2268,0.8137,pre
2022-05-01,1,Category B,527,699,526,92090,1.3264,0.7525,post
2022-05-01,2,Category B,528,709,523,95889,1.3428,0.7377,post
2022-06-01,1,Category B,528,851,528,100684,1.6117,0.6204,post
2022-06-01,2,Category B,531,822,531,106001,1.548,0.646,post
2022-07-01,1,Category B,527,695,522,107800,1.3188,0.7511,post
2022-07-01,2,Category B,527,702,526,110003,1.3321,0.7493,post
2022-08-01,1,Category B,474,612,474,107001,1.2911,0.7745,post
2022-08-01,2,Category B,471,665,470,112001,1.4119,0.7068,post
2022-09-01,1,Category B,470,627,466,113000,1.334,0.7432,post
2022-09-01,2,Category B,471,553,471,108051,1.1741,0.8517,post
2022-10-01,1,Category B,474,635,472,95856,1.3397,0.7433,post
2022-10-01,2,Category B,470,848,463,110000,1.8043,0.546,post
2022-11-01,1,Category B,411,640,393,115388,1.5572,0.6141,post
2022-11-01,2,Category B,416,568,416,113881,1.3654,0.7324,post
2022-12-01,1,Category B,427,568,426,105501,1.3302,0.75,post
2022-12-01,2,Category B,409,564,409,108006,1.379,0.7252,post
2023-01-01,1,Category B,410,487,410,102002,1.1878,0.8419,post
2023-01-01,2,Category B,408,514,402,105459,1.2598,0.7821,post
2023-02-01,1,Category B,430,580,430,105524,1.3488,0.7414,post
2023-02-01,2,Category B,436,768,401,115001,1.7615,0.5221,post
2023-03-01,1,Category B,431,629,431,115501,1.4594,0.6852,post
2023-03-01,2,Category B,466,670,466,116201,1.4378,0.6955,post
2023-04-01,1,Category B,430,566,414,118501,1.3163,0.7314,post
2023-04-01,2,Category B,430,553,403,120889,1.286,0.7288,post
2023-05-01,1,Category B,410,513,410,119399,1.2512,0.7992,post
2023-05-01,2,Category B,480,713,480,113034,1.4854,0.6732,post
2023-06-01,1,Category B,454,719,437,120702,1.5837,0.6078,post
2023-06-01,2,Category B,454,622,446,121000,1.37,0.717,post
2023-07-01,1,Category B,471,594,470,118002,1.2611,0.7912,post
2023-07-01,2,Category B,462,602,453,118001,1.303,0.7525,post
2023-08-01,1,Category B,470,853,469,126889,1.8149,0.5498,post
2023-08-01,2,Category B,478,731,451,129890,1.5293,0.617,post
2023-09-01,1,Category B,470,723,466,134889,1.5383,0.6445,post
2023-09-01,2,Category B,496,735,494,140889,1.4819,0.6721,post
2023-10-01,1,Category B,474,643,472,146002,1.3565,0.7341,post
2023-10-01,2,Category B,472,623,458,150001,1.3199,0.7352,post
2023-11-01,1,Category B,636,830,631,110001,1.305,0.7602,post
2023-11-01,2,Category B,648,1228,638,135336,1.8951,0.5195,post
2023-12-01,1,Category B,638,933,638,130100,1.4624,0.6838,post
2023-12-01,2,Category B,643,847,619,110001,1.3173,0.7308,post
2024-01-01,1,Category B,633,850,628,85010,1.3428,0.7388,post
2024-01-01,2,Category B,657,1308,657,112000,1.9909,0.5023,post
2024-02-01,1,Category B,655,1163,596,102338,1.7756,0.5125,post
2024-02-01,2,Category B,649,1034,642,97000,1.5932,0.6209,post
2024-03-01,1,Category B,708,1073,704,96010,1.5155,0.6561,post
2024-03-01,2,Category B,656,1066,615,96011,1.625,0.5769,post
2024-04-01,1,Category B,653,1208,645,101334,1.8499,0.5339,post
2024-04-01,2,Category B,690,1008,690,102001,1.4609,0.6845,post
2024-05-01,1,Category B,666,1237,638,105002,1.8574,0.5158,post
2024-05-01,2,Category B,658,1099,641,105689,1.6702,0.5833,post
2024-06-01,1,Category B,685,974,671,100607,1.4219,0.6889,post
2024-06-01,2,Category B,674,1046,670,102334,1.5519,0.6405,post
2024-07-01,1,Category B,671,896,671,100901,1.3353,0.7489,post
2024-07-01,2,Category B,661,891,639,100000,1.348,0.7172,post
2024-08-01,1,Category B,663,1150,662,106101,1.7345,0.5757,post
2024-08-01,2,Category B,686,985,686,105889,1.4359,0.6964,post
2024-09-01,1,Category B,665,924,657,106300,1.3895,0.711,post
2024-09-01,2,Category B,663,879,656,110001,1.3258,0.7463,post
2024-10-01,1,Category B,671,1084,652,116002,1.6155,0.6015,post
2024-10-01,2,Category B,670,975,669,113890,1.4552,0.6862,post
2024-11-01,1,Category B,696,1039,683,108001,1.4928,0.6574,post
2024-11-01,2,Category B,678,874,678,105081,1.2891,0.7757,post
2024-12-01,1,Category B,689,866,689,103010,1.2569,0.7956,post
2024-12-01,2,Category B,676,987,667,109000,1.4601,0.6758,post
2025-01-01,1,Category B,677,1266,674,121501,1.87,0.5324,post
2025-01-01,2,Category B,686,1071,686,116625,1.5612,0.6405,post
2025-02-01,1,Category B,748,1007,727,111104,1.3463,0.7219,post
2025-02-01,2,Category B,744,1135,741,109598,1.5255,0.6529,post
2025-03-01,1,Category B,765,1208,749,113000,1.5791,0.62,post
2025-03-01,2,Category B,747,1196,747,116890,1.6011,0.6246,post
2025-04-01,1,Category B,760,1200,729,117899,1.5789,0.6075,post
2025-04-01,2,Category B,744,1098,744,117003,1.4758,0.6776,post
2025-05-01,1,Category B,813,1210,800,119890,1.4883,0.6612,post
2025-05-01,2,Category B,782,1093,779,116988,1.3977,0.7127,post
2025-06-01,1,Category B,795,974,795,113000,1.2252,0.8162,post
2025-06-01,2,Category B,784,1163,781,116670,1.4834,0.6715,post
2025-07-01,1,Category B,781,1199,781,119600,1.5352,0.6514,post
2025-07-01,2,Category B,784,1148,782,119101,1.4643,0.6812,post
2025-08-01,1,Category B,789,1271,789,123498,1.6109,0.6208,post
2025-08-01,2,Category B,792,1221,789,124400,1.5417,0.6462,post
2025-09-01,1,Category B,790,1186,750,127501,1.5013,0.6324,post
2025-09-01,2,Category B,792,1273,772,136890,1.6073,0.6064,post
2025-10-01,1,Category B,830,1202,828,141000,1.4482,0.6889,post
2025-10-01,2,Category B,809,977,800,131889,1.2077,0.8188,post
2025-11-01,1,Category B,800,953,795,115001,1.1912,0.8342,post
2025-11-01,2,Category B,806,1514,765,129890,1.8784,0.5053,post
2025-12-01,1,Category B,802,1096,775,123900,1.3666,0.7071,post
2025-12-01,2,Category B,838,968,832,115102,1.1551,0.8595,post
2026-01-01,1,Category B,824,1128,821,119100,1.3689,0.7278,post
2026-01-01,2,Category B,803,1207,800,121634,1.5031,0.6628,post
2026-02-01,1,Category B,813,966,809,110890,1.1882,0.8375,post
2026-02-01,2,Category B,813,1353,812,105001,1.6642,0.6001,post
2026-03-01,1,Category B,815,1261,815,114002,1.5472,0.6463,post
2026-03-01,2,Category B,812,1185,812,115568,1.4594,0.6852,post
2026-04-01,1,Category B,811,1406,796,121000,1.7337,0.5661,post
2026-04-01,2,Category B,811,1194,810,121001,1.4723,0.6784,post
2026-05-01,1,Category B,883,1332,861,126236,1.5085,0.6464,post
2026-05-01,2,Category B,869,1469,854,129501,1.6904,0.5813,post
2026-06-01,1,Category B,889,1300,889,126989,1.4623,0.6838,post
2026-06-01,2,Category B,883,1202,879,123502,1.3613,0.7313,post
2026-07-01,1,Category B,867,1500,863,130889,1.7301,0.5753,post
2026-07-01,2,Category B,871,1365,856,129890,1.5672,0.6271,post
2026-08-01,1,Category B,926,1316,913,129910,1.4212,0.6938,post
2026-08-01,2,Category B,936,1316,930,131001,1.406,0.7067,post
2026-09-01,1,Category B,934,1333,910,135001,1.4272,0.6827,post
2026-09-01,2,Category B,927,1135,925,133000,1.2244,0.815,post
2010-01-01,1,Category C,173,265,173,19001,1.5318,0.6528,pre
2010-01-01,2,Category C,181,280,173,20090,1.547,0.6179,pre
2010-02-01,1,Category C,165,250,162,21390,1.5152,0.648,pre
2010-02-01,2,Category C,173,285,170,23501,1.6474,0.5965,pre
2010-03-01,1,Category C,168,257,164,27001,1.5298,0.6381,pre
2010-03-01,2,Category C,168,341,141,32890,2.0298,0.4135,pre
2010-04-01,1,Category C,180,329,167,36511,1.8278,0.5076,pre
2010-04-01,2,Category C,203,298,203,35556,1.468,0.6812,pre
2010-05-01,1,Category C,189,329,187,32501,1.7407,0.5684,pre
2010-05-01,2,Category C,176,296,170,29389,1.6818,0.5743,pre
2010-06-01,1,Category C,178,273,177,30189,1.5337,0.6484,pre
2010-06-01,2,Category C,182,253,175,31689,1.3901,0.6917,pre
2010-07-01,1,Category C,177,277,176,31389,1.565,0.6354,pre
2010-07-01,2,Category C,183,285,182,30601,1.5574,0.6386,pre
2010-08-01,1,Category C,205,284,205,30112,1.3854,0.7218,pre
2010-08-01,2,Category C,206,275,205,30002,1.335,0.7455,pre
2010-09-01,1,Category C,204,291,190,33000,1.4265,0.6529,pre
2010-09-01,2,Category C,206,271,201,31001,1.3155,0.7417,pre
2010-10-01,1,Category C,218,287,217,30889,1.3165,0.7561,pre
2010-10-01,2,Category C,210,287,210,30511,1.3667,0.7317,pre
2010-11-01,1,Category C,205,270,201,31006,1.3171,0.7444,pre
2010-11-01,2,Category C,205,241,202,31202,1.1756,0.8382,pre
2010-12-01,1,Category C,208,294,207,32001,1.4135,0.7041,pre
2010-12-01,2,Category C,208,300,205,33501,1.4423,0.6833,pre
2011-01-01,1,Category C,205,294,205,35111,1.4341,0.6973,pre
2011-01-01,2,Category C,207,272,196,30000,1.314,0.7206,pre
2011-02-01,1,Category C,275,356,275,28589,1.2945,0.7725,pre
2011-02-01,2,Category C,287,368,282,29011,1.2822,0.7663,pre
2011-03-01,1,Category C,276,360,276,30001,1.3043,0.7667,pre
2011-03-01,2,Category C,281,371,279,29690,1.3203,0.752,pre
2011-04-01,1,Category C,276,316,275,28189,1.1449,0.8703,pre
2011-04-01,2,Category C,277,346,269,23900,1.2491,0.7775,pre
2011-05-01,1,Category C,277,366,277,21889,1.3213,0.7568,pre
2011-05-01,2,Category C,283,381,279,22989,1.3463,0.7323,pre
2011-06-01,1,Category C,276,457,276,29006,1.6558,0.6039,pre
2011-06-01,2,Category C,279,391,270,31089,1.4014,0.6905,pre
2011-07-01,1,Category C,276,375,276,32590,1.3587,0.736,pre
2011-07-01,2,Category C,284,393,281,34502,1.3838,0.715,pre
2011-08-01,1,Category C,241,383,239,34009,1.5892,0.624,pre
2011-08-01,2,Category C,245,367,237,32289,1.498,0.6458,pre
2011-09-01,1,Category C,243,328,236,31900,1.3498,0.7195,pre
2011-09-01,2,Category C,250,325,248,30089,1.3,0.7631,pre
2011-10-01,1,Category C,249,348,247,32801,1.3976,0.7098,pre
2011-10-01,2,Category C,244,354,229,37011,1.4508,0.6469,pre
2011-11-01,1,Category C,244,365,244,40803,1.4959,0.6685,pre
2011-11-01,2,Category C,256,335,248,40189,1.3086,0.7403,pre
2011-12-01,1,Category C,242,334,242,40009,1.3802,0.7246,pre
2011-12-01,2,Category C,249,361,249,39589,1.4498,0.6898,pre
2012-01-01,1,Category C,242,357,239,38699,1.4752,0.6695,pre
2012-01-01,2,Category C,241,405,236,44001,1.6805,0.5827,pre
2012-02-01,1,Category C,162,307,158,49801,1.8951,0.5147,pre
2012-02-01,2,Category C,164,248,149,52004,1.5122,0.6008,pre
2012-03-01,1,Category C,163,247,159,50009,1.5153,0.6437,pre
2012-03-01,2,Category C,174,241,174,51511,1.3851,0.722,pre
2012-04-01,1,Category C,163,222,163,53989,1.362,0.7342,pre
2012-04-01,2,Category C,160,261,158,57589,1.6313,0.6054,pre
2012-05-01,1,Category C,159,218,159,58553,1.3711,0.7294,pre
2012-05-01,2,Category C,162,205,161,57106,1.2654,0.7854,pre
2012-06-01,1,Category C,159,258,155,54522,1.6226,0.6008,pre
2012-06-01,2,Category C,161,242,158,54502,1.5031,0.6529,pre
2012-07-01,1,Category C,164,234,161,55556,1.4268,0.688,pre
2012-07-01,2,Category C,163,222,162,55805,1.362,0.7297,pre
2012-08-01,1,Category C,183,241,180,57001,1.3169,0.7469,pre
2012-08-01,2,Category C,181,261,178,59334,1.442,0.682,pre
2012-09-01,1,Category C,183,269,177,57334,1.4699,0.658,pre
2012-09-01,2,Category C,182,230,181,57809,1.2637,0.787,pre
2012-10-01,1,Category C,186,221,185,56001,1.1882,0.8371,pre
2012-10-01,2,Category C,180,229,180,57889,1.2722,0.786,pre
2012-11-01,1,Category C,181,268,180,59111,1.4807,0.6716,pre
2012-11-01,2,Category C,179,254,177,60235,1.419,0.6969,pre
2012-12-01,1,Category C,181,281,168,63035,1.5525,0.5979,pre
2012-12-01,2,Category C,182,242,178,62201,1.3297,0.7355,pre
2013-01-01,1,Category C,193,244,188,60000,1.2642,0.7705,pre
2013-01-01,2,Category C,184,262,184,57051,1.4239,0.7023,pre
2013-02-01,1,Category C,230,316,230,54989,1.3739,0.7278,pre
2013-02-01,2,Category C,225,285,225,53489,1.2667,0.7895,pre
2013-03-01,1,Category C,225,374,223,53900,1.6622,0.5963,pre
2013-03-01,2,Category C,225,312,225,54111,1.3867,0.7212,pre
2013-04-01,1,Category C,227,334,227,56011,1.4714,0.6796,pre
2013-04-01,2,Category C,225,354,218,58502,1.5733,0.6158,pre
2013-05-01,1,Category C,225,312,223,57051,1.3867,0.7147,pre
2013-05-01,2,Category C,233,288,232,56889,1.2361,0.8056,pre
2013-06-01,1,Category C,227,292,226,57989,1.2863,0.774,pre
2013-06-01,2,Category C,227,289,221,59001,1.2731,0.7647,pre
2013-07-01,1,Category C,226,301,226,61011,1.3319,0.7508,pre
2013-07-01,2,Category C,232,335,226,65036,1.444,0.6746,pre
2013-08-01,1,Category C,258,364,257,68251,1.4109,0.706,pre
2013-08-01,2,Category C,263,385,257,71001,1.4639,0.6675,pre
2013-09-01,1,Category C,258,340,254,73999,1.3178,0.7471,pre
2013-09-01,2,Category C,263,321,257,76001,1.2205,0.8006,pre
2013-10-01,1,Category C,261,315,261,76310,1.2069,0.8286,pre
2013-10-01,2,Category C,263,358,262,68002,1.3612,0.7318,pre
2013-11-01,1,Category C,257,427,256,55503,1.6615,0.5995,pre
2013-11-01,2,Category C,258,397,252,55002,1.5388,0.6348,pre
2013-12-01,1,Category C,258,359,257,51112,1.3915,0.7159,pre
2013-12-01,2,Category C,263,338,256,48001,1.2852,0.7574,pre
2014-01-01,1,Category C,258,337,252,48889,1.3062,0.7478,pre
2014-01-01,2,Category C,264,356,249,50001,1.3485,0.6994,pre
2014-02-01,1,Category C,267,364,264,51002,1.3633,0.7253,pre
2014-02-01,2,Category C,277,392,273,52890,1.4152,0.6964,pre
2014-03-01,1,Category C,265,439,262,56302,1.6566,0.5968,pre
2014-03-01,2,Category C,266,356,256,53891,1.3383,0.7191,pre
2014-04-01,1,Category C,265,303,261,49503,1.1434,0.8614,pre
2014-04-01,2,Category C,272,392,266,32890,1.4412,0.6786,pre
2014-05-01,1,Category C,389,715,389,36301,1.838,0.5441,pre
2014-05-01,2,Category C,392,709,386,40889,1.8087,0.5444,pre
2014-06-01,1,Category C,385,617,378,43001,1.6026,0.6126,pre
2014-06-01,2,Category C,391,597,385,42001,1.5269,0.6449,pre
2014-07-01,1,Category C,392,653,383,43390,1.6658,0.5865,pre
2014-07-01,2,Category C,391,779,391,52010,1.9923,0.5019,pre
2014-08-01,1,Category C,267,519,267,54009,1.9438,0.5145,pre
2014-08-01,2,Category C,257,427,254,52390,1.6615,0.5948,pre
2014-09-01,1,Category C,258,429,256,49901,1.6628,0.5967,pre
2014-09-01,2,Category C,261,437,252,49889,1.6743,0.5767,pre
2014-10-01,1,Category C,259,516,257,57389,1.9923,0.4981,pre
2014-10-01,2,Category C,267,416,266,61000,1.5581,0.6394,pre
2014-11-01,1,Category C,143,257,143,63701,1.7972,0.5564,pre
2014-11-01,2,Category C,142,260,134,65001,1.831,0.5154,pre
2014-12-01,1,Category C,141,196,126,60001,1.3901,0.6429,pre
2014-12-01,2,Category C,149,268,149,52100,1.7987,0.556,pre
2015-01-01,1,Category C,156,296,155,55011,1.8974,0.5236,pre
2015-01-01,2,Category C,140,247,139,55012,1.7643,0.5628,pre
2015-02-01,1,Category C,185,311,183,52101,1.6811,0.5884,pre
2015-02-01,2,Category C,185,333,185,53202,1.8,0.5556,pre
2015-03-01,1,Category C,186,315,183,56501,1.6935,0.581,pre
2015-03-01,2,Category C,184,345,175,59999,1.875,0.5072,pre
2015-04-01,1,Category C,188,290,183,64001,1.5426,0.631,pre
2015-04-01,2,Category C,194,284,192,53001,1.4639,0.6761,pre
2015-05-01,1,Category C,373,545,370,50098,1.4611,0.6789,pre
2015-05-01,2,Category C,370,546,365,52001,1.4757,0.6685,pre
2015-06-01,1,Category C,371,508,369,50900,1.3693,0.7264,pre
2015-06-01,2,Category C,373,481,370,50502,1.2895,0.7692,pre
2015-07-01,1,Category C,370,476,370,50001,1.2865,0.7773,pre
2015-07-01,2,Category C,371,455,371,50002,1.2264,0.8154,pre
2015-08-01,1,Category C,183,263,183,49302,1.4372,0.6958,pre
2015-08-01,2,Category C,182,282,182,46501,1.5495,0.6454,pre
2015-09-01,1,Category C,182,371,182,46801,2.0385,0.4906,pre
2015-09-01,2,Category C,182,356,172,45289,1.956,0.4831,pre
2015-10-01,1,Category C,182,331,181,44890,1.8187,0.5468,pre
2015-10-01,2,Category C,192,340,186,42303,1.7708,0.5471,pre
2015-11-01,1,Category C,241,372,240,43809,1.5436,0.6452,pre
2015-11-01,2,Category C,247,389,244,45890,1.5749,0.6272,pre
2015-12-01,1,Category C,241,345,236,48101,1.4315,0.6841,pre
2015-12-01,2,Category C,244,311,243,46001,1.2746,0.7814,pre
2016-01-01,1,Category C,246,353,245,42036,1.435,0.6941,pre
2016-01-01,2,Category C,242,387,239,46502,1.5992,0.6176,pre
2016-02-01,1,Category C,164,229,164,45036,1.3963,0.7162,pre
2016-02-01,2,Category C,165,239,160,45001,1.4485,0.6695,pre
2016-03-01,1,Category C,162,259,160,48890,1.5988,0.6178,pre
2016-03-01,2,Category C,167,226,166,46502,1.3533,0.7345,pre
2016-04-01,1,Category C,164,235,161,44213,1.4329,0.6851,pre
2016-04-01,2,Category C,163,241,162,43002,1.4785,0.6722,pre
2016-05-01,1,Category C,232,324,232,42302,1.3966,0.716,pre
2016-05-01,2,Category C,229,355,229,43002,1.5502,0.6451,pre
2016-06-01,1,Category C,228,347,219,46434,1.5219,0.6311,pre
2016-06-01,2,Category C,228,342,226,48002,1.5,0.6608,pre
2016-07-01,1,Category C,237,310,235,47889,1.308,0.7581,pre
2016-07-01,2,Category C,230,344,225,49890,1.4957,0.6541,pre
2016-08-01,1,Category C,177,245,177,48302,1.3842,0.7224,pre
2016-08-01,2,Category C,180,236,178,48001,1.3111,0.7542,pre
2016-09-01,1,Category C,175,260,175,49801,1.4857,0.6731,pre
2016-09-01,2,Category C,177,237,165,49890,1.339,0.6962,pre
2016-10-01,1,Category C,176,232,172,48702,1.3182,0.7414,pre
2016-10-01,2,Category C,188,252,187,45589,1.3404,0.7421,pre
2016-11-01,1,Category C,185,283,181,48001,1.5297,0.6396,pre
2016-11-01,2,Category C,182,286,181,49002,1.5714,0.6329,pre
2016-12-01,1,Category C,185,262,183,51209,1.4162,0.6985,pre
2016-12-01,2,Category C,182,274,176,49500,1.5055,0.6423,pre
2017-01-01,1,Category C,183,271,180,46302,1.4809,0.6642,pre
2017-01-01,2,Category C,186,254,173,47001,1.3656,0.6811,pre
2017-02-01,1,Category C,164,268,155,48901,1.6341,0.5784,pre
2017-02-01,2,Category C,174,249,171,49810,1.431,0.6867,pre
2017-03-01,1,Category C,170,216,170,49002,1.2706,0.787,pre
2017-03-01,2,Category C,164,251,163,47036,1.5305,0.6494,pre
2017-04-01,1,Category C,162,351,162,45906,2.1667,0.4615,pre
2017-04-01,2,Category C,163,509,162,26501,3.1227,0.3183,pre
2017-05-01,1,Category C,1084,2586,1078,26029,2.3856,0.4169,pre
2017-05-01,2,Category C,1085,2492,1084,30600,2.2968,0.435,pre
2017-06-01,1,Category C,1091,2309,1087,38501,2.1164,0.4708,pre
2017-06-01,2,Category C,1086,2125,1085,36879,1.9567,0.5106,pre
2017-07-01,1,Category C,1088,2189,1078,40212,2.0119,0.4925,pre
2017-07-01,2,Category C,1085,1943,1084,42809,1.7908,0.5579,pre
2017-08-01,1,Category C,454,742,445,42801,1.6344,0.5997,pre
2017-08-01,2,Category C,445,836,436,42004,1.8787,0.5215,pre
2017-09-01,1,Category C,453,695,406,43002,1.5342,0.5842,pre
2017-09-01,2,Category C,453,706,453,46890,1.5585,0.6416,pre
2017-10-01,1,Category C,492,723,492,48902,1.4695,0.6805,pre
2017-10-01,2,Category C,445,611,443,51890,1.373,0.725,pre
2017-11-01,1,Category C,242,375,200,58036,1.5496,0.5333,pre
2017-11-01,2,Category C,244,356,241,57701,1.459,0.677,pre
2017-12-01,1,Category C,285,454,279,42000,1.593,0.6145,pre
2017-12-01,2,Category C,246,482,232,45112,1.9593,0.4813,pre
2018-01-01,1,Category C,249,458,247,40101,1.8394,0.5393,pre
2018-01-01,2,Category C,257,399,247,39000,1.5525,0.619,pre
2018-02-01,1,Category C,249,486,249,38303,1.9518,0.5123,pre
2018-02-01,2,Category C,257,489,256,36859,1.9027,0.5235,pre
2018-03-01,1,Category C,247,446,202,36003,1.8057,0.4529,pre
2018-03-01,2,Category C,247,378,234,35001,1.5304,0.619,pre
2018-04-01,1,Category C,292,500,290,34001,1.7123,0.58,pre
2018-04-01,2,Category C,260,461,181,34202,1.7731,0.3926,pre
2018-05-01,1,Category C,308,611,188,33190,1.9838,0.3077,pre
2018-05-01,2,Category C,385,786,382,29901,2.0416,0.486,pre
2018-06-01,1,Category C,425,685,417,29902,1.6118,0.6088,pre
2018-06-01,2,Category C,308,548,293,32001,1.7792,0.5347,pre
2018-07-01,1,Category C,313,535,272,31092,1.7093,0.5084,pre
2018-07-01,2,Category C,320,538,249,30889,1.6812,0.4628,pre
2018-08-01,1,Category C,379,549,330,30389,1.4485,0.6011,pre
2018-08-01,2,Category C,409,635,204,29902,1.5526,0.3213,pre
2018-09-01,1,Category C,386,612,381,27001,1.5855,0.6225,pre
2018-09-01,2,Category C,542,921,529,27104,1.6993,0.5744,pre
2018-10-01,1,Category C,342,522,340,28501,1.5263,0.6513,pre
2018-10-01,2,Category C,350,470,349,29501,1.3429,0.7426,pre
2018-11-01,1,Category C,332,460,332,29501,1.3855,0.7217,pre
2018-11-01,2,Category C,331,580,327,27509,1.7523,0.5638,pre
2018-12-01,1,Category C,329,489,328,27009,1.4863,0.6708,pre
2018-12-01,2,Category C,333,503,318,27001,1.5105,0.6322,pre
2019-01-01,1,Category C,330,472,308,27002,1.4303,0.6525,pre
2019-01-01,2,Category C,344,537,342,26230,1.561,0.6369,pre
2019-02-01,1,Category C,326,466,324,26378,1.4294,0.6953,pre
2019-02-01,2,Category C,306,433,306,26914,1.415,0.7067,pre
2019-03-01,1,Category C,306,443,301,27010,1.4477,0.6795,pre
2019-03-01,2,Category C,304,411,304,27021,1.352,0.7397,pre
2019-04-01,1,Category C,309,431,304,27589,1.3948,0.7053,pre
2019-04-01,2,Category C,304,560,284,32001,1.8421,0.5071,pre
2019-05-01,1,Category C,394,610,394,28559,1.5482,0.6459,pre
2019-05-01,2,Category C,409,600,406,27400,1.467,0.6767,pre
2019-06-01,1,Category C,389,535,389,25502,1.3753,0.7271,pre
2019-06-01,2,Category C,393,607,390,25501,1.5445,0.6425,pre
2019-07-01,1,Category C,390,649,382,25089,1.6641,0.5886,pre
2019-07-01,2,Category C,393,657,393,24599,1.6718,0.5982,pre
2019-08-01,1,Category C,292,492,273,27800,1.6849,0.5549,pre
2019-08-01,2,Category C,283,446,283,26501,1.576,0.6345,pre
2019-09-01,1,Category C,302,446,299,25502,1.4768,0.6704,pre
2019-09-01,2,Category C,283,544,282,25556,1.9223,0.5184,pre
2019-10-01,1,Category C,286,522,286,26509,1.8252,0.5479,pre
2019-10-01,2,Category C,284,439,279,26001,1.5458,0.6355,pre
2019-11-01,1,Category C,318,440,318,25392,1.3836,0.7227,pre
2019-11-01,2,Category C,322,495,322,24502,1.5373,0.6505,pre
2019-12-01,1,Category C,318,402,315,23704,1.2642,0.7836,pre
2019-12-01,2,Category C,318,441,307,23200,1.3868,0.6961,pre
2020-01-01,1,Category C,321,457,321,24402,1.4237,0.7024,pre
2020-01-01,2,Category C,329,504,292,25001,1.5319,0.5794,pre
2020-02-01,1,Category C,314,504,314,25013,1.6051,0.623,pre
2020-02-01,2,Category C,352,561,219,25001,1.5938,0.3904,pre
2020-03-01,1,Category C,315,504,315,24202,1.6,0.625,pre
2020-03-01,2,Category C,448,708,448,22002,1.5804,0.6328,pre
2020-07-01,1,Category C,489,866,481,24502,1.771,0.5554,pre
2020-07-01,2,Category C,489,759,482,23888,1.5521,0.635,pre
2020-08-01,1,Category C,358,658,354,24100,1.838,0.538,pre
2020-08-01,2,Category C,357,586,356,25006,1.6415,0.6075,pre
2020-09-01,1,Category C,354,525,350,26644,1.4831,0.6667,pre
2020-09-01,2,Category C,351,591,346,28589,1.6838,0.5854,pre
2020-10-01,1,Category C,316,587,314,33089,1.8576,0.5349,pre
2020-10-01,2,Category C,316,538,315,33778,1.7025,0.5855,pre
2020-11-01,1,Category C,370,558,370,31502,1.5081,0.6631,pre
2020-11-01,2,Category C,369,597,367,30334,1.6179,0.6147,pre
2020-12-01,1,Category C,368,599,363,32889,1.6277,0.606,pre
2020-12-01,2,Category C,369,640,355,35201,1.7344,0.5547,pre
2021-01-01,1,Category C,372,679,352,35900,1.8253,0.5184,pre
2021-01-01,2,Category C,381,671,378,40999,1.7612,0.5633,pre
2021-02-01,1,Category C,276,510,276,45001,1.8478,0.5412,pre
2021-02-01,2,Category C,259,424,223,40890,1.6371,0.5259,pre
2021-03-01,1,Category C,255,480,248,37513,1.8824,0.5167,pre
2021-03-01,2,Category C,292,507,286,39589,1.7363,0.5641,pre
2021-04-01,1,Category C,263,488,263,36134,1.8555,0.5389,pre
2021-04-01,2,Category C,262,441,256,44001,1.6832,0.5805,pre
2021-05-01,1,Category C,157,261,119,43001,1.6624,0.4559,pre
2021-05-01,2,Category C,164,315,83,41701,1.9207,0.2635,pre
2021-06-01,1,Category C,195,413,190,37002,2.1179,0.46,pre
2021-06-01,2,Category C,238,478,229,37000,2.0084,0.4791,pre
2021-07-01,1,Category C,162,340,159,38900,2.0988,0.4676,pre
2021-07-01,2,Category C,166,337,163,39523,2.0301,0.4837,pre
2021-08-01,1,Category C,118,233,111,42589,1.9746,0.4764,pre
2021-08-01,2,Category C,118,220,113,40010,1.8644,0.5136,pre
2021-09-01,1,Category C,122,211,113,40001,1.7295,0.5355,pre
2021-09-01,2,Category C,120,203,110,39000,1.6917,0.5419,pre
2021-10-01,1,Category C,125,233,123,38890,1.864,0.5279,pre
2021-10-01,2,Category C,126,252,125,40501,2.0,0.496,pre
2021-11-01,1,Category C,92,173,89,42001,1.8804,0.5145,pre
2021-11-01,2,Category C,91,164,91,43502,1.8022,0.5549,pre
2021-12-01,1,Category C,93,147,93,45000,1.5806,0.6327,pre
2021-12-01,2,Category C,90,150,89,44000,1.6667,0.5933,pre
2022-01-01,1,Category C,90,198,87,42200,2.2,0.4394,pre
2022-01-01,2,Category C,91,149,91,43001,1.6374,0.6107,pre
2022-02-01,1,Category C,80,149,80,44001,1.8625,0.5369,pre
2022-02-01,2,Category C,76,194,61,46501,2.5526,0.3144,pre
2022-03-01,1,Category C,76,199,67,48889,2.6184,0.3367,pre
2022-03-01,2,Category C,91,166,91,51504,1.8242,0.5482,pre
2022-04-01,1,Category C,85,210,84,54901,2.4706,0.4,pre
2022-04-01,2,Category C,76,181,76,52002,2.3816,0.4199,pre
2022-05-01,1,Category C,104,184,100,50890,1.7692,0.5435,post
2022-05-01,2,Category C,103,220,103,51501,2.1359,0.4682,post
2022-06-01,1,Category C,107,203,107,53002,1.8972,0.5271,post
2022-06-01,2,Category C,103,224,103,53011,2.1748,0.4598,post
2022-07-01,1,Category C,102,160,91,54001,1.5686,0.5687,post
2022-07-01,2,Category C,102,174,98,54889,1.7059,0.5632,post
2022-08-01,1,Category C,95,168,93,56089,1.7684,0.5536,post
2022-08-01,2,Category C,87,196,87,59090,2.2529,0.4439,post
2022-09-01,1,Category C,85,179,84,64989,2.1059,0.4693,post
2022-09-01,2,Category C,83,157,75,67001,1.8916,0.4777,post
2022-10-01,1,Category C,84,148,83,65991,1.7619,0.5608,post
2022-10-01,2,Category C,91,297,86,70201,3.2637,0.2896,post
2022-11-01,1,Category C,70,147,69,76302,2.1,0.4694,post
2022-11-01,2,Category C,73,122,73,81802,1.6712,0.5984,post
2022-12-01,1,Category C,69,118,68,81501,1.7101,0.5763,post
2022-12-01,2,Category C,69,147,60,78200,2.1304,0.4082,post
2023-01-01,1,Category C,70,183,70,77301,2.6143,0.3825,post
2023-01-01,2,Category C,78,182,74,77109,2.3333,0.4066,post
2023-02-01,1,Category C,44,108,44,85119,2.4545,0.4074,post
2023-02-01,2,Category C,47,136,40,87790,2.8936,0.2941,post
2023-03-01,1,Category C,43,65,39,91101,1.5116,0.6,post
2023-03-01,2,Category C,50,107,42,85389,2.14,0.3925,post
2023-04-01,1,Category C,47,103,47,76801,2.1915,0.4563,post
2023-04-01,2,Category C,51,116,47,75334,2.2745,0.4052,post
2023-05-01,1,Category C,68,109,68,75589,1.6029,0.6239,post
2023-05-01,2,Category C,72,148,70,77501,2.0556,0.473,post
2023-06-01,1,Category C,68,151,60,81801,2.2206,0.3974,post
2023-06-01,2,Category C,71,178,71,83140,2.507,0.3989,post
2023-07-01,1,Category C,77,147,69,82223,1.9091,0.4694,post
2023-07-01,2,Category C,69,133,69,82001,1.9275,0.5188,post
2023-08-01,1,Category C,122,222,121,82100,1.8197,0.545,post
2023-08-01,2,Category C,114,180,114,82801,1.5789,0.6333,post
2023-09-01,1,Category C,115,182,115,82889,1.5826,0.6319,post
2023-09-01,2,Category C,114,153,114,83801,1.3421,0.7451,post
2023-10-01,1,Category C,114,191,112,85900,1.6754,0.5864,post
2023-10-01,2,Category C,114,186,112,84790,1.6316,0.6022,post
2023-11-01,1,Category C,190,281,186,78001,1.4789,0.6619,post
2023-11-01,2,Category C,190,368,186,73889,1.9368,0.5054,post
2023-12-01,1,Category C,193,346,188,71001,1.7927,0.5434,post
2023-12-01,2,Category C,192,359,189,69423,1.8698,0.5265,post
2024-01-01,1,Category C,193,340,192,67599,1.7617,0.5647,post
2024-01-01,2,Category C,191,394,187,68001,2.0628,0.4746,post
2024-02-01,1,Category C,196,366,191,72001,1.8673,0.5219,post
2024-02-01,2,Category C,199,374,192,73001,1.8794,0.5134,post
2024-03-01,1,Category C,200,303,198,75599,1.515,0.6535,post
2024-03-01,2,Category C,202,313,202,70112,1.5495,0.6454,post
2024-04-01,1,Category C,197,365,196,67501,1.8528,0.537,post
2024-04-01,2,Category C,195,332,193,68502,1.7026,0.5813,post
2024-05-01,1,Category C,206,350,181,70001,1.699,0.5171,post
2024-05-01,2,Category C,207,382,198,72001,1.8454,0.5183,post
2024-06-01,1,Category C,230,334,222,70589,1.4522,0.6647,post
2024-06-01,2,Category C,214,291,206,69900,1.3598,0.7079,post
2024-07-01,1,Category C,214,325,213,70001,1.5187,0.6554,post
2024-07-01,2,Category C,214,355,214,70601,1.6589,0.6028,post
2024-08-01,1,Category C,218,312,218,71100,1.4312,0.6987,post
2024-08-01,2,Category C,216,333,215,72400,1.5417,0.6456,post
2024-09-01,1,Category C,216,324,215,74001,1.5,0.6636,post
2024-09-01,2,Category C,217,318,212,74000,1.4654,0.6667,post
2024-10-01,1,Category C,218,321,216,75009,1.4725,0.6729,post
2024-10-01,2,Category C,222,337,222,72939,1.518,0.6588,post
2024-11-01,1,Category C,236,365,209,68340,1.5466,0.5726,post
2024-11-01,2,Category C,235,378,214,69000,1.6085,0.5661,post
2024-12-01,1,Category C,262,418,249,70289,1.5954,0.5957,post
2024-12-01,2,Category C,255,400,255,69890,1.5686,0.6375,post
2025-01-01,1,Category C,248,364,246,67891,1.4677,0.6758,post
2025-01-01,2,Category C,234,373,233,65476,1.594,0.6247,post
2025-02-01,1,Category C,260,394,256,62506,1.5154,0.6497,post
2025-02-01,2,Category C,259,430,240,65189,1.6602,0.5581,post
2025-03-01,1,Category C,262,413,253,67001,1.5763,0.6126,post
2025-03-01,2,Category C,277,469,275,70089,1.6931,0.5864,post
2025-04-01,1,Category C,267,382,267,68782,1.4307,0.699,post
2025-04-01,2,Category C,260,399,260,65001,1.5346,0.6516,post
2025-05-01,1,Category C,271,386,266,62590,1.4244,0.6891,post
2025-05-01,2,Category C,271,382,271,63189,1.4096,0.7094,post
2025-06-01,1,Category C,276,386,256,62000,1.3986,0.6632,post
2025-06-01,2,Category C,271,393,270,65000,1.4502,0.687,post
2025-07-01,1,Category C,291,432,275,66689,1.4845,0.6366,post
2025-07-01,2,Category C,271,405,271,68600,1.4945,0.6691,post
2025-08-01,1,Category C,290,422,281,70001,1.4552,0.6659,post
2025-08-01,2,Category C,273,472,271,72190,1.7289,0.5742,post
2025-09-01,1,Category C,283,401,282,71556,1.417,0.7032,post
2025-09-01,2,Category C,276,413,274,72501,1.4964,0.6634,post
2025-10-01,1,Category C,274,424,273,74301,1.5474,0.6439,post
2025-10-01,2,Category C,276,427,276,76801,1.5471,0.6464,post
2025-11-01,1,Category C,283,434,279,76000,1.5336,0.6429,post
2025-11-01,2,Category C,282,406,278,76389,1.4397,0.6847,post
2025-12-01,1,Category C,286,370,281,76501,1.2937,0.7595,post
2025-12-01,2,Category C,286,407,285,77003,1.4231,0.7002,post
2026-01-01,1,Category C,287,394,286,75503,1.3728,0.7259,post
2026-01-01,2,Category C,283,434,280,75202,1.5336,0.6452,post
2026-02-01,1,Category C,292,420,292,74801,1.4384,0.6952,post
2026-02-01,2,Category C,294,502,294,74999,1.7075,0.5857,post
2026-03-01,1,Category C,290,488,285,76000,1.6828,0.584,post
2026-03-01,2,Category C,290,438,290,78000,1.5103,0.6621,post
2026-04-01,1,Category C,295,539,292,80001,1.8271,0.5417,post
2026-04-01,2,Category C,290,494,288,83501,1.7034,0.583,post
2026-05-01,1,Category C,293,511,291,87479,1.744,0.5695,post
2026-05-01,2,Category C,292,468,292,92223,1.6027,0.6239,post
2026-06-01,1,Category C,293,453,287,94000,1.5461,0.6336,post
2026-06-01,2,Category C,291,390,280,93001,1.3402,0.7179,post
2026-07-01,1,Category C,296,442,287,95000,1.4932,0.6493,post
2026-07-01,2,Category C,301,430,301,93889,1.4286,0.7,post
2026-08-01,1,Category C,315,465,311,91545,1.4762,0.6688,post
2026-08-01,2,Category C,306,446,294,90002,1.4575,0.6592,post
2026-09-01,1,Category C,310,565,306,93101,1.8226,0.5416,post
2026-09-01,2,Category C,318,532,316,92144,1.673,0.594,post
2010-01-01,1,Category D,373,509,365,889,1.3646,0.7171,pre
2010-01-01,2,Category D,378,551,378,20090,1.4577,0.686,pre
2010-02-01,1,Category D,371,525,349,852,1.4151,0.6648,pre
2010-02-01,2,Category D,363,472,355,1001,1.3003,0.7521,pre
2010-03-01,1,Category D,385,467,383,1159,1.213,0.8201,pre
2010-03-01,2,Category D,371,495,368,1200,1.3342,0.7434,pre
2010-04-01,1,Category D,338,409,334,1221,1.2101,0.8166,pre
2010-04-01,2,Category D,339,383,311,1253,1.1298,0.812,pre
2010-05-01,1,Category D,340,415,317,1252,1.2206,0.7639,pre
2010-05-01,2,Category D,364,468,360,1312,1.2857,0.7692,pre
2010-06-01,1,Category D,359,504,344,1452,1.4039,0.6825,pre
2010-06-01,2,Category D,340,376,339,1454,1.1059,0.9016,pre
2010-07-01,1,Category D,351,476,347,1320,1.3561,0.729,pre
2010-07-01,2,Category D,337,372,334,1290,1.1039,0.8978,pre
2010-08-01,1,Category D,336,384,326,1301,1.1429,0.849,pre
2010-08-01,2,Category D,335,369,330,1251,1.1015,0.8943,pre
2010-09-01,1,Category D,342,453,329,1502,1.3246,0.7263,pre
2010-09-01,2,Category D,338,364,337,1452,1.0769,0.9258,pre
2010-10-01,1,Category D,345,422,320,1502,1.2232,0.7583,pre
2010-10-01,2,Category D,333,430,304,1689,1.2913,0.707,pre
2010-11-01,1,Category D,357,414,352,1452,1.1597,0.8502,pre
2010-11-01,2,Category D,361,424,324,1502,1.1745,0.7642,pre
2010-12-01,1,Category D,337,410,329,1701,1.2166,0.8024,pre
2010-12-01,2,Category D,369,406,362,1551,1.1003,0.8916,pre
2011-01-01,1,Category D,340,398,337,1503,1.1706,0.8467,pre
2011-01-01,2,Category D,339,458,335,1690,1.351,0.7314,pre
2011-02-01,1,Category D,328,417,328,1819,1.2713,0.7866,pre
2011-02-01,2,Category D,330,461,294,2001,1.397,0.6377,pre
2011-03-01,1,Category D,325,490,310,2604,1.5077,0.6327,pre
2011-03-01,2,Category D,362,429,362,2534,1.1851,0.8438,pre
2011-04-01,1,Category D,340,500,335,2490,1.4706,0.67,pre
2011-04-01,2,Category D,326,478,326,2502,1.4663,0.682,pre
2011-05-01,1,Category D,330,481,328,2253,1.4576,0.6819,pre
2011-05-01,2,Category D,326,486,324,2013,1.4908,0.6667,pre
2011-06-01,1,Category D,327,507,327,2491,1.5505,0.645,pre
2011-06-01,2,Category D,328,367,322,2290,1.1189,0.8774,pre
2011-07-01,1,Category D,325,369,323,2360,1.1354,0.8753,pre
2011-07-01,2,Category D,332,496,332,2012,1.494,0.6694,pre
2011-08-01,1,Category D,390,470,390,1890,1.2051,0.8298,pre
2011-08-01,2,Category D,387,471,382,1999,1.2171,0.811,pre
2011-09-01,1,Category D,388,532,382,2339,1.3711,0.718,pre
2011-09-01,2,Category D,392,492,392,2109,1.2551,0.7967,pre
2011-10-01,1,Category D,394,486,394,2078,1.2335,0.8107,pre
2011-10-01,2,Category D,387,486,380,2091,1.2558,0.7819,pre
2011-11-01,1,Category D,388,429,359,2012,1.1057,0.8368,pre
2011-11-01,2,Category D,394,469,389,1889,1.1904,0.8294,pre
2011-12-01,1,Category D,416,451,415,1902,1.0841,0.9202,pre
2011-12-01,2,Category D,392,456,386,1481,1.1633,0.8465,pre
2012-01-01,1,Category D,388,434,386,1682,1.1186,0.8894,pre
2012-01-01,2,Category D,393,517,390,1552,1.3155,0.7544,pre
2012-02-01,1,Category D,412,512,409,1802,1.2427,0.7988,pre
2012-02-01,2,Category D,413,509,389,2012,1.2324,0.7642,pre
2012-03-01,1,Category D,413,474,407,1490,1.1477,0.8586,pre
2012-03-01,2,Category D,434,584,433,2000,1.3456,0.7414,pre
2012-04-01,1,Category D,416,542,416,1896,1.3029,0.7675,pre
2012-04-01,2,Category D,411,526,411,1924,1.2798,0.7814,pre
2012-05-01,1,Category D,410,514,410,2021,1.2537,0.7977,pre
2012-05-01,2,Category D,410,520,410,1890,1.2683,0.7885,pre
2012-06-01,1,Category D,410,569,368,1912,1.3878,0.6467,pre
2012-06-01,2,Category D,410,517,393,1712,1.261,0.7602,pre
2012-07-01,1,Category D,451,592,442,1760,1.3126,0.7466,pre
2012-07-01,2,Category D,426,531,425,1859,1.2465,0.8004,pre
2012-08-01,1,Category D,456,659,453,2081,1.4452,0.6874,pre
2012-08-01,2,Category D,448,535,444,2013,1.1942,0.8299,pre
2012-09-01,1,Category D,450,575,450,1801,1.2778,0.7826,pre
2012-09-01,2,Category D,450,566,434,1852,1.2578,0.7668,pre
2012-10-01,1,Category D,447,631,413,1912,1.4116,0.6545,pre
2012-10-01,2,Category D,463,605,462,1920,1.3067,0.7636,pre
2012-11-01,1,Category D,481,580,478,1959,1.2058,0.8241,pre
2012-11-01,2,Category D,448,523,441,1689,1.1674,0.8432,pre
2012-12-01,1,Category D,450,602,435,1612,1.3378,0.7226,pre
2012-12-01,2,Category D,454,522,440,1701,1.1498,0.8429,pre
2013-01-01,1,Category D,462,523,462,1933,1.132,0.8834,pre
2013-01-01,2,Category D,461,530,461,1781,1.1497,0.8698,pre
2013-02-01,1,Category D,506,637,502,1782,1.2589,0.7881,pre
2013-02-01,2,Category D,506,589,469,1512,1.164,0.7963,pre
2013-03-01,1,Category D,510,669,510,1895,1.3118,0.7623,pre
2013-03-01,2,Category D,543,634,543,1909,1.1676,0.8565,pre
2013-04-01,1,Category D,506,680,412,1812,1.3439,0.6059,pre
2013-04-01,2,Category D,506,545,505,1791,1.0771,0.9266,pre
2013-05-01,1,Category D,600,719,595,1700,1.1983,0.8275,pre
2013-05-01,2,Category D,507,642,459,1663,1.2663,0.715,pre
2013-06-01,1,Category D,511,616,479,1701,1.2055,0.7776,pre
2013-06-01,2,Category D,554,647,534,1712,1.1679,0.8253,pre
2013-07-01,1,Category D,538,679,536,1610,1.2621,0.7894,pre
2013-07-01,2,Category D,526,652,516,1712,1.2395,0.7914,pre
2013-08-01,1,Category D,482,568,481,1792,1.1784,0.8468,pre
2013-08-01,2,Category D,491,615,449,1722,1.2525,0.7301,pre
2013-09-01,1,Category D,481,569,481,1660,1.183,0.8453,pre
2013-09-01,2,Category D,523,579,521,1703,1.1071,0.8998,pre
2013-10-01,1,Category D,481,567,475,1961,1.1788,0.8377,pre
2013-10-01,2,Category D,482,586,481,1804,1.2158,0.8208,pre
2013-11-01,1,Category D,487,569,487,1710,1.1684,0.8559,pre
2013-11-01,2,Category D,481,543,437,1712,1.1289,0.8048,pre
2013-12-01,1,Category D,481,647,473,1782,1.3451,0.7311,pre
2013-12-01,2,Category D,524,680,501,1812,1.2977,0.7368,pre
2014-01-01,1,Category D,489,542,487,1989,1.1084,0.8985,pre
2014-01-01,2,Category D,503,796,503,2704,1.5825,0.6319,pre
2014-02-01,1,Category D,361,550,353,3051,1.5235,0.6418,pre
2014-02-01,2,Category D,360,478,359,3501,1.3278,0.751,pre
2014-03-01,1,Category D,368,483,340,4001,1.3125,0.7039,pre
2014-03-01,2,Category D,360,449,355,4289,1.2472,0.7906,pre
2014-04-01,1,Category D,388,520,388,4489,1.3402,0.7462,pre
2014-04-01,2,Category D,365,492,350,4502,1.3479,0.7114,pre
2014-05-01,1,Category D,343,445,340,4001,1.2974,0.764,pre
2014-05-01,2,Category D,358,492,316,4003,1.3743,0.6423,pre
2014-06-01,1,Category D,346,449,346,4089,1.2977,0.7706,pre
2014-06-01,2,Category D,385,503,381,3890,1.3065,0.7575,pre
2014-07-01,1,Category D,344,415,343,4001,1.2064,0.8265,pre
2014-07-01,2,Category D,347,410,341,4252,1.1816,0.8317,pre
2014-08-01,1,Category D,316,360,315,4353,1.1392,0.875,pre
2014-08-01,2,Category D,322,361,317,4354,1.1211,0.8781,pre
2014-09-01,1,Category D,316,382,316,4453,1.2089,0.8272,pre
2014-09-01,2,Category D,320,394,318,4504,1.2312,0.8071,pre
2014-10-01,1,Category D,316,502,316,4800,1.5886,0.6295,pre
2014-10-01,2,Category D,317,431,310,4412,1.3596,0.7193,pre
2014-11-01,1,Category D,316,380,315,4290,1.2025,0.8289,pre
2014-11-01,2,Category D,324,389,322,4189,1.2006,0.8278,pre
2014-12-01,1,Category D,318,392,314,4210,1.2327,0.801,pre
2014-12-01,2,Category D,319,367,270,4312,1.1505,0.7357,pre
2015-01-01,1,Category D,321,374,319,4403,1.1651,0.8529,pre
2015-01-01,2,Category D,366,509,360,4889,1.3907,0.7073,pre
2015-02-01,1,Category D,287,384,283,5504,1.338,0.737,pre
2015-02-01,2,Category D,291,396,290,5800,1.3608,0.7323,pre
2015-03-01,1,Category D,289,343,288,5501,1.1869,0.8397,pre
2015-03-01,2,Category D,286,385,286,5610,1.3462,0.7429,pre
2015-04-01,1,Category D,286,442,278,6312,1.5455,0.629,pre
2015-04-01,2,Category D,285,376,277,6801,1.3193,0.7367,pre
2015-05-01,1,Category D,334,462,321,6512,1.3832,0.6948,pre
2015-05-01,2,Category D,334,433,298,6501,1.2964,0.6882,pre
2015-06-01,1,Category D,339,430,336,6509,1.2684,0.7814,pre
2015-06-01,2,Category D,363,448,359,6401,1.2342,0.8013,pre
2015-07-01,1,Category D,330,425,328,6508,1.2879,0.7718,pre
2015-07-01,2,Category D,331,486,320,6312,1.4683,0.6584,pre
2015-08-01,1,Category D,356,418,356,6201,1.1742,0.8517,pre
2015-08-01,2,Category D,366,527,319,6112,1.4399,0.6053,pre
2015-09-01,1,Category D,355,473,310,6512,1.3324,0.6554,pre
2015-09-01,2,Category D,402,509,402,6158,1.2662,0.7898,pre
2015-10-01,1,Category D,400,438,398,6201,1.095,0.9087,pre
2015-10-01,2,Category D,355,430,353,6302,1.2113,0.8209,pre
2015-11-01,1,Category D,329,402,301,5912,1.2219,0.7488,pre
2015-11-01,2,Category D,329,436,324,6502,1.3252,0.7431,pre
2015-12-01,1,Category D,355,414,354,6501,1.1662,0.8551,pre
2015-12-01,2,Category D,332,394,332,6600,1.1867,0.8426,pre
2016-01-01,1,Category D,328,409,317,6889,1.247,0.7751,pre
2016-01-01,2,Category D,327,415,322,6512,1.2691,0.7759,pre
2016-02-01,1,Category D,368,495,368,6503,1.3451,0.7434,pre
2016-02-01,2,Category D,362,454,361,6353,1.2541,0.7952,pre
2016-03-01,1,Category D,357,430,356,6503,1.2045,0.8279,pre
2016-03-01,2,Category D,357,429,356,6589,1.2017,0.8298,pre
2016-04-01,1,Category D,357,455,356,6503,1.2745,0.7824,pre
2016-04-01,2,Category D,357,437,341,6501,1.2241,0.7803,pre
2016-05-01,1,Category D,399,519,389,6302,1.3008,0.7495,pre
2016-05-01,2,Category D,414,500,389,6303,1.2077,0.778,pre
2016-06-01,1,Category D,407,529,395,6302,1.2998,0.7467,pre
2016-06-01,2,Category D,422,495,389,6303,1.173,0.7859,pre
2016-07-01,1,Category D,409,525,365,6012,1.2836,0.6952,pre
2016-07-01,2,Category D,430,586,424,6302,1.3628,0.7235,pre
2016-08-01,1,Category D,403,558,400,6206,1.3846,0.7168,pre
2016-08-01,2,Category D,365,541,321,6352,1.4822,0.5933,pre
2016-09-01,1,Category D,362,521,334,6452,1.4392,0.6411,pre
2016-09-01,2,Category D,403,478,402,6501,1.1861,0.841,pre
2016-10-01,1,Category D,387,498,359,6353,1.2868,0.7209,pre
2016-10-01,2,Category D,360,430,356,6354,1.1944,0.8279,pre
2016-11-01,1,Category D,399,457,396,6311,1.1454,0.8665,pre
2016-11-01,2,Category D,375,520,331,6212,1.3867,0.6365,pre
2016-12-01,1,Category D,374,436,368,6113,1.1658,0.844,pre
2016-12-01,2,Category D,415,484,408,6101,1.1663,0.843,pre
2017-01-01,1,Category D,376,438,374,6053,1.1649,0.8539,pre
2017-01-01,2,Category D,377,412,331,6052,1.0928,0.8034,pre
2017-02-01,1,Category D,348,534,326,6412,1.5345,0.6105,pre
2017-02-01,2,Category D,392,753,384,6801,1.9209,0.51,pre
2017-03-01,1,Category D,368,546,359,7483,1.4837,0.6575,pre
2017-03-01,2,Category D,355,453,354,8081,1.2761,0.7815,pre
2017-04-01,1,Category D,355,482,354,7589,1.3577,0.7344,pre
2017-04-01,2,Category D,347,512,325,6712,1.4755,0.6348,pre
2017-05-01,1,Category D,455,567,433,6301,1.2462,0.7637,pre
2017-05-01,2,Category D,476,602,470,6101,1.2647,0.7807,pre
2017-06-01,1,Category D,476,743,455,6101,1.5609,0.6124,pre
2017-06-01,2,Category D,459,931,360,6001,2.0283,0.3867,pre
2017-07-01,1,Category D,474,819,377,6001,1.7278,0.4603,pre
2017-07-01,2,Category D,552,1044,424,5851,1.8913,0.4061,pre
2017-08-01,1,Category D,574,879,508,5701,1.5314,0.5779,pre
2017-08-01,2,Category D,605,1069,588,3512,1.7669,0.55,pre
2017-09-01,1,Category D,543,871,535,5402,1.6041,0.6142,pre
2017-09-01,2,Category D,494,727,493,5501,1.4717,0.6781,pre
2017-10-01,1,Category D,485,721,484,5010,1.4866,0.6713,pre
2017-10-01,2,Category D,478,687,449,4903,1.4372,0.6536,pre
2017-11-01,1,Category D,509,683,502,5502,1.3418,0.735,pre
2017-11-01,2,Category D,538,708,533,5992,1.316,0.7528,pre
2017-12-01,1,Category D,516,791,500,6552,1.5329,0.6321,pre
2017-12-01,2,Category D,514,743,458,7501,1.4455,0.6164,pre
2018-01-01,1,Category D,525,919,413,7701,1.7505,0.4494,pre
2018-01-01,2,Category D,565,786,500,8001,1.3912,0.6361,pre
2018-02-01,1,Category D,624,933,608,8451,1.4952,0.6517,pre
2018-02-01,2,Category D,577,1073,568,7667,1.8596,0.5294,pre
2018-03-01,1,Category D,528,885,525,8009,1.6761,0.5932,pre
2018-03-01,2,Category D,522,803,517,7602,1.5383,0.6438,pre
2018-04-01,1,Category D,516,953,483,7114,1.8469,0.5068,pre
2018-04-01,2,Category D,518,727,515,7115,1.4035,0.7084,pre
2018-05-01,1,Category D,560,1171,515,7204,2.0911,0.4398,pre
2018-05-01,2,Category D,529,898,529,7115,1.6975,0.5891,pre
2018-06-01,1,Category D,572,828,487,7001,1.4476,0.5882,pre
2018-06-01,2,Category D,527,771,517,6889,1.463,0.6706,pre
2018-07-01,1,Category D,612,807,587,6514,1.3186,0.7274,pre
2018-07-01,2,Category D,537,772,533,6189,1.4376,0.6904,pre
2018-08-01,1,Category D,845,1208,791,5514,1.4296,0.6548,pre
2018-08-01,2,Category D,824,1176,823,4889,1.4272,0.6998,pre
2018-09-01,1,Category D,874,1213,867,4390,1.3879,0.7148,pre
2018-09-01,2,Category D,821,1098,821,4214,1.3374,0.7477,pre
2018-10-01,1,Category D,827,1140,809,4109,1.3785,0.7096,pre
2018-10-01,2,Category D,819,1201,819,3951,1.4664,0.6819,pre
2018-11-01,1,Category D,1121,1543,1104,2509,1.3764,0.7155,pre
2018-11-01,2,Category D,1103,1423,1093,2989,1.2901,0.7681,pre
2018-12-01,1,Category D,1121,1483,1113,3399,1.3229,0.7505,pre
2018-12-01,2,Category D,1114,1375,1114,3789,1.2343,0.8102,pre
2019-01-01,1,Category D,1112,1396,1103,3610,1.2554,0.7901,pre
2019-01-01,2,Category D,1104,1473,1104,2889,1.3342,0.7495,pre
2019-02-01,1,Category D,834,1164,834,3709,1.3957,0.7165,pre
2019-02-01,2,Category D,826,1100,817,3689,1.3317,0.7427,pre
2019-03-01,1,Category D,825,1175,822,3602,1.4242,0.6996,pre
2019-03-01,2,Category D,834,1039,825,3469,1.2458,0.794,pre
2019-04-01,1,Category D,829,1193,803,3501,1.4391,0.6731,pre
2019-04-01,2,Category D,835,1129,834,3452,1.3521,0.7387,pre
2019-05-01,1,Category D,923,1154,896,3352,1.2503,0.7764,pre
2019-05-01,2,Category D,898,1193,886,3202,1.3285,0.7427,pre
2019-06-01,1,Category D,925,1149,920,3090,1.2422,0.8007,pre
2019-06-01,2,Category D,909,1187,906,3000,1.3058,0.7633,pre
2019-07-01,1,Category D,902,1141,890,3081,1.265,0.78,pre
2019-07-01,2,Category D,900,1193,897,3554,1.3256,0.7519,pre
2019-08-01,1,Category D,751,1040,751,4400,1.3848,0.7221,pre
2019-08-01,2,Category D,742,1010,574,4301,1.3612,0.5683,pre
2019-09-01,1,Category D,739,1086,712,4089,1.4696,0.6556,pre
2019-09-01,2,Category D,907,1197,893,3601,1.3197,0.746,pre
2019-10-01,1,Category D,765,1036,763,3800,1.3542,0.7365,pre
2019-10-01,2,Category D,753,989,746,3889,1.3134,0.7543,pre
2019-11-01,1,Category D,693,831,691,4100,1.1991,0.8315,pre
2019-11-01,2,Category D,698,974,692,3921,1.3954,0.7105,pre
2019-12-01,1,Category D,693,908,678,3789,1.3102,0.7467,pre
2019-12-01,2,Category D,697,850,696,3658,1.2195,0.8188,pre
2020-01-01,1,Category D,707,1084,706,3989,1.5332,0.6513,pre
2020-01-01,2,Category D,693,936,693,4610,1.3506,0.7404,pre
2020-02-01,1,Category D,578,821,562,4401,1.4204,0.6845,pre
2020-02-01,2,Category D,577,729,574,4309,1.2634,0.7874,pre
2020-03-01,1,Category D,593,785,587,4310,1.3238,0.7478,pre
2020-03-01,2,Category D,581,757,576,4489,1.3029,0.7609,pre
2020-07-01,1,Category D,869,1611,856,7702,1.8539,0.5313,pre
2020-07-01,2,Category D,869,1355,864,6510,1.5593,0.6376,pre
2020-08-01,1,Category D,503,720,497,7701,1.4314,0.6903,pre
2020-08-01,2,Category D,495,797,491,7432,1.6101,0.6161,pre
2020-09-01,1,Category D,496,691,488,7399,1.3931,0.7062,pre
2020-09-01,2,Category D,494,642,492,7331,1.2996,0.7664,pre
2020-10-01,1,Category D,429,677,420,7451,1.5781,0.6204,pre
2020-10-01,2,Category D,423,560,410,7300,1.3239,0.7321,pre
2020-11-01,1,Category D,533,727,532,7251,1.364,0.7318,pre
2020-11-01,2,Category D,537,679,532,7300,1.2644,0.7835,pre
2020-12-01,1,Category D,526,767,522,7670,1.4582,0.6806,pre
2020-12-01,2,Category D,530,710,507,7689,1.3396,0.7141,pre
2021-01-01,1,Category D,529,692,498,7501,1.3081,0.7197,pre
2021-01-01,2,Category D,548,706,535,7589,1.2883,0.7578,pre
2021-02-01,1,Category D,572,705,572,7506,1.2325,0.8113,pre
2021-02-01,2,Category D,554,715,554,7500,1.2906,0.7748,pre
2021-03-01,1,Category D,542,707,524,7752,1.3044,0.7412,pre
2021-03-01,2,Category D,542,700,538,7791,1.2915,0.7686,pre
2021-04-01,1,Category D,560,735,524,8000,1.3125,0.7129,pre
2021-04-01,2,Category D,546,734,532,8000,1.3443,0.7248,pre
2021-05-01,1,Category D,650,901,639,8011,1.3862,0.7092,pre
2021-05-01,2,Category D,628,904,625,8701,1.4395,0.6914,pre
2021-06-01,1,Category D,626,776,624,8703,1.2396,0.8041,pre
2021-06-01,2,Category D,618,864,577,8501,1.3981,0.6678,pre
2021-07-01,1,Category D,616,760,612,8502,1.2338,0.8053,pre
2021-07-01,2,Category D,655,863,649,8689,1.3176,0.752,pre
2021-08-01,1,Category D,449,667,449,8899,1.4855,0.6732,pre
2021-08-01,2,Category D,451,635,447,9500,1.408,0.7039,pre
2021-09-01,1,Category D,445,562,445,9689,1.2629,0.7918,pre
2021-09-01,2,Category D,449,658,443,9089,1.4655,0.6733,pre
2021-10-01,1,Category D,444,633,438,9052,1.4257,0.6919,pre
2021-10-01,2,Category D,450,597,449,9310,1.3267,0.7521,pre
2021-11-01,1,Category D,417,543,409,9381,1.3022,0.7532,pre
2021-11-01,2,Category D,412,557,397,9381,1.3519,0.7127,pre
2021-12-01,1,Category D,420,584,400,9401,1.3905,0.6849,pre
2021-12-01,2,Category D,426,562,422,9601,1.3192,0.7509,pre
2022-01-01,1,Category D,431,573,429,9689,1.3295,0.7487,pre
2022-01-01,2,Category D,416,520,401,10000,1.25,0.7712,pre
2022-02-01,1,Category D,406,555,405,10010,1.367,0.7297,pre
2022-02-01,2,Category D,420,521,416,10589,1.2405,0.7985,pre
2022-03-01,1,Category D,405,602,403,11400,1.4864,0.6694,pre
2022-03-01,2,Category D,409,575,409,10501,1.4059,0.7113,pre
2022-04-01,1,Category D,407,561,405,10503,1.3784,0.7219,pre
2022-04-01,2,Category D,404,539,355,9801,1.3342,0.6586,pre
2022-05-01,1,Category D,563,773,560,9489,1.373,0.7245,post
2022-05-01,2,Category D,609,899,600,9490,1.4762,0.6674,post
2022-06-01,1,Category D,563,859,542,10000,1.5258,0.631,post
2022-06-01,2,Category D,570,717,570,10302,1.2579,0.795,post
2022-07-01,1,Category D,582,768,513,10889,1.3196,0.668,post
2022-07-01,2,Category D,561,723,555,10910,1.2888,0.7676,post
2022-08-01,1,Category D,573,696,562,11000,1.2147,0.8075,post
2022-08-01,2,Category D,510,673,502,11101,1.3196,0.7459,post
2022-09-01,1,Category D,515,588,514,11301,1.1417,0.8741,post
2022-09-01,2,Category D,512,658,500,11589,1.2852,0.7599,post
2022-10-01,1,Category D,505,624,504,11751,1.2356,0.8077,post
2022-10-01,2,Category D,516,632,511,12801,1.2248,0.8085,post
2022-11-01,1,Category D,441,537,440,13189,1.2177,0.8194,post
2022-11-01,2,Category D,445,594,420,12589,1.3348,0.7071,post
2022-12-01,1,Category D,441,544,437,12100,1.2336,0.8033,post
2022-12-01,2,Category D,465,647,461,11690,1.3914,0.7125,post
2023-01-01,1,Category D,445,678,432,10890,1.5236,0.6372,post
2023-01-01,2,Category D,445,572,431,11101,1.2854,0.7535,post
2023-02-01,1,Category D,477,594,475,11602,1.2453,0.7997,post
2023-02-01,2,Category D,479,611,453,12189,1.2756,0.7414,post
2023-03-01,1,Category D,467,566,465,12390,1.212,0.8216,post
2023-03-01,2,Category D,490,616,490,12001,1.2571,0.7955,post
2023-04-01,1,Category D,466,529,454,12001,1.1352,0.8582,post
2023-04-01,2,Category D,465,510,436,12179,1.0968,0.8549,post
2023-05-01,1,Category D,554,670,542,5002,1.2094,0.809,post
2023-05-01,2,Category D,571,1438,562,10602,2.5184,0.3908,post
2023-06-01,1,Category D,555,972,519,11001,1.7514,0.534,post
2023-06-01,2,Category D,551,796,543,10709,1.4446,0.6822,post
2023-07-01,1,Category D,579,846,550,10090,1.4611,0.6501,post
2023-07-01,2,Category D,551,840,550,10501,1.5245,0.6548,post
2023-08-01,1,Category D,522,759,443,11501,1.454,0.5837,post
2023-08-01,2,Category D,495,654,486,11402,1.3212,0.7431,post
2023-09-01,1,Category D,573,758,569,10901,1.3229,0.7507,post
2023-09-01,2,Category D,502,639,494,10700,1.2729,0.7731,post
2023-10-01,1,Category D,497,661,494,10856,1.33,0.7474,post
2023-10-01,2,Category D,502,632,474,11201,1.259,0.75,post
2023-11-01,1,Category D,520,630,512,10889,1.2115,0.8127,post
2023-11-01,2,Category D,545,702,518,10001,1.2881,0.7379,post
2023-12-01,1,Category D,529,731,527,9858,1.3819,0.7209,post
2023-12-01,2,Category D,546,646,545,9002,1.1832,0.8437,post
2024-01-01,1,Category D,523,666,514,9114,1.2734,0.7718,post
2024-01-01,2,Category D,520,615,491,9309,1.1827,0.7984,post
2024-02-01,1,Category D,530,717,528,9290,1.3528,0.7364,post
2024-02-01,2,Category D,548,689,548,8911,1.2573,0.7954,post
2024-03-01,1,Category D,520,646,518,9400,1.2423,0.8019,post
2024-03-01,2,Category D,521,629,516,9689,1.2073,0.8203,post
2024-04-01,1,Category D,520,610,510,10000,1.1731,0.8361,post
2024-04-01,2,Category D,522,625,514,9990,1.1973,0.8224,post
2024-05-01,1,Category D,528,630,528,9503,1.1932,0.8381,post
2024-05-01,2,Category D,526,604,523,9311,1.1483,0.8659,post
2024-06-01,1,Category D,519,628,519,8989,1.21,0.8264,post
2024-06-01,2,Category D,520,620,519,9002,1.1923,0.8371,post
2024-07-01,1,Category D,517,571,517,8900,1.1044,0.9054,post
2024-07-01,2,Category D,518,591,512,9089,1.1409,0.8663,post
2024-08-01,1,Category D,517,599,513,9601,1.1586,0.8564,post
2024-08-01,2,Category D,523,614,522,9310,1.174,0.8502,post
2024-09-01,1,Category D,522,622,520,9801,1.1916,0.836,post
2024-09-01,2,Category D,520,636,516,9900,1.2231,0.8113,post
2024-10-01,1,Category D,520,604,519,10001,1.1615,0.8593,post
2024-10-01,2,Category D,522,626,515,9589,1.1992,0.8227,post
2024-11-01,1,Category D,520,598,520,9089,1.15,0.8696,post
2024-11-01,2,Category D,524,637,524,8669,1.2156,0.8226,post
2024-12-01,1,Category D,517,570,516,7878,1.1025,0.9053,post
2024-12-01,2,Category D,519,641,504,8381,1.2351,0.7863,post
2025-01-01,1,Category D,520,595,513,9001,1.1442,0.8622,post
2025-01-01,2,Category D,536,651,530,7721,1.2146,0.8141,post
2025-02-01,1,Category D,524,718,523,8289,1.3702,0.7284,post
2025-02-01,2,Category D,524,645,517,8791,1.2309,0.8016,post
2025-03-01,1,Category D,519,624,519,9201,1.2023,0.8317,post
2025-03-01,2,Category D,525,626,525,9511,1.1924,0.8387,post
2025-04-01,1,Category D,517,603,515,9889,1.1663,0.8541,post
2025-04-01,2,Category D,519,660,518,9309,1.2717,0.7848,post
2025-05-01,1,Category D,536,676,532,8709,1.2612,0.787,post
2025-05-01,2,Category D,534,655,532,8707,1.2266,0.8122,post
2025-06-01,1,Category D,538,631,538,9000,1.1729,0.8526,post
2025-06-01,2,Category D,535,605,528,8600,1.1308,0.8727,post
2025-07-01,1,Category D,533,629,533,9389,1.1801,0.8474,post
2025-07-01,2,Category D,540,622,534,9511,1.1519,0.8585,post
2025-08-01,1,Category D,533,633,526,9189,1.1876,0.831,post
2025-08-01,2,Category D,540,654,535,8809,1.2111,0.818,post
2025-09-01,1,Category D,540,633,540,9101,1.1722,0.8531,post
2025-09-01,2,Category D,539,617,539,9209,1.1447,0.8736,post
2025-10-01,1,Category D,533,630,528,9810,1.182,0.8381,post
2025-10-01,2,Category D,533,598,528,9389,1.122,0.8829,post
2025-11-01,1,Category D,538,631,537,8600,1.1729,0.851,post
2025-11-01,2,Category D,538,595,535,8729,1.1059,0.8992,post
2025-12-01,1,Category D,534,627,523,8289,1.1742,0.8341,post
2025-12-01,2,Category D,536,632,532,8081,1.1791,0.8418,post
2026-01-01,1,Category D,544,639,527,8689,1.1746,0.8247,post
2026-01-01,2,Category D,538,609,523,8860,1.132,0.8588,post
2026-02-01,1,Category D,550,645,538,8289,1.1727,0.8341,post
2026-02-01,2,Category D,548,665,535,7989,1.2135,0.8045,post
2026-03-01,1,Category D,545,643,544,8602,1.1798,0.846,post
2026-03-01,2,Category D,546,726,516,9589,1.3297,0.7107,post
2026-04-01,1,Category D,534,657,531,10000,1.2303,0.8082,post
2026-04-01,2,Category D,563,684,563,9290,1.2149,0.8231,post
2026-05-01,1,Category D,529,649,527,9452,1.2268,0.812,post
2026-05-01,2,Category D,524,588,517,9689,1.1221,0.8793,post
2026-06-01,1,Category D,526,594,522,10000,1.1293,0.8788,post
2026-06-01,2,Category D,532,615,494,9989,1.156,0.8033,post
2026-07-01,1,Category D,530,677,520,10201,1.2774,0.7681,post
2026-07-01,2,Category D,562,620,562,10202,1.1032,0.9065,post
2026-08-01,1,Category D,521,591,518,10503,1.1344,0.8765,post
2026-08-01,2,Category D,512,686,501,11301,1.3398,0.7303,post
2026-09-01,1,Category D,514,657,495,12556,1.2782,0.7534,post
2026-09-01,2,Category D,522,605,494,12201,1.159,0.8165,post
2010-01-01,1,Category E,586,1011,567,19889,1.7253,0.5608,pre
2010-01-01,2,Category E,588,1322,579,21899,2.2483,0.438,pre
2010-02-01,1,Category E,601,1069,596,22401,1.7787,0.5575,pre
2010-02-01,2,Category E,590,1255,587,24229,2.1271,0.4677,pre
2010-03-01,1,Category E,587,1184,575,27590,2.017,0.4856,pre
2010-03-01,2,Category E,584,1507,554,42001,2.5805,0.3676,pre
2010-04-01,1,Category E,372,856,328,49000,2.3011,0.3832,pre
2010-04-01,2,Category E,390,709,383,43003,1.8179,0.5402,pre
2010-05-01,1,Category E,404,857,403,39002,2.1213,0.4702,pre
2010-05-01,2,Category E,367,608,365,39000,1.6567,0.6003,pre
2010-06-01,1,Category E,361,639,322,41000,1.7701,0.5039,pre
2010-06-01,2,Category E,362,682,359,41006,1.884,0.5264,pre
2010-07-01,1,Category E,399,660,399,41010,1.6541,0.6045,pre
2010-07-01,2,Category E,363,725,357,43565,1.9972,0.4924,pre
2010-08-01,1,Category E,309,594,308,42901,1.9223,0.5185,pre
2010-08-01,2,Category E,315,583,315,43501,1.8508,0.5403,pre
2010-09-01,1,Category E,310,460,308,44001,1.4839,0.6696,pre
2010-09-01,2,Category E,309,520,307,43290,1.6828,0.5904,pre
2010-10-01,1,Category E,311,518,304,44090,1.6656,0.5869,pre
2010-10-01,2,Category E,311,455,287,44900,1.463,0.6308,pre
2010-11-01,1,Category E,316,497,312,46001,1.5728,0.6278,pre
2010-11-01,2,Category E,333,634,332,49890,1.9039,0.5237,pre
2010-12-01,1,Category E,313,674,313,64900,2.1534,0.4644,pre
2010-12-01,2,Category E,311,463,302,76102,1.4887,0.6523,pre
2011-01-01,1,Category E,309,475,305,75789,1.5372,0.6421,pre
2011-01-01,2,Category E,319,433,312,67009,1.3574,0.7206,pre
2011-02-01,1,Category E,333,648,326,58890,1.9459,0.5031,pre
2011-02-01,2,Category E,336,558,335,62001,1.6607,0.6004,pre
2011-03-01,1,Category E,336,574,324,62010,1.7083,0.5645,pre
2011-03-01,2,Category E,330,458,330,59073,1.3879,0.7205,pre
2011-04-01,1,Category E,341,454,340,57100,1.3314,0.7489,pre
2011-04-01,2,Category E,330,484,329,56001,1.4667,0.6798,pre
2011-05-01,1,Category E,330,498,321,56490,1.5091,0.6446,pre
2011-05-01,2,Category E,331,470,322,56889,1.4199,0.6851,pre
2011-06-01,1,Category E,338,530,295,62000,1.568,0.5566,pre
2011-06-01,2,Category E,339,468,334,65490,1.3805,0.7137,pre
2011-07-01,1,Category E,372,509,342,68811,1.3683,0.6719,pre
2011-07-01,2,Category E,335,459,328,74490,1.3701,0.7146,pre
2011-08-01,1,Category E,360,488,360,70117,1.3556,0.7377,pre
2011-08-01,2,Category E,337,516,335,67000,1.5312,0.6492,pre
2011-09-01,1,Category E,330,466,329,65589,1.4121,0.706,pre
2011-09-01,2,Category E,332,449,332,62502,1.3524,0.7394,pre
2011-10-01,1,Category E,331,452,331,65058,1.3656,0.7323,pre
2011-10-01,2,Category E,330,518,306,73600,1.5697,0.5907,pre
2011-11-01,1,Category E,330,507,311,78001,1.5364,0.6134,pre
2011-11-01,2,Category E,355,496,352,75889,1.3972,0.7097,pre
2011-12-01,1,Category E,349,489,335,74340,1.4011,0.6851,pre
2011-12-01,2,Category E,334,521,285,71000,1.5599,0.547,pre
2012-01-01,1,Category E,344,530,341,65700,1.5407,0.6434,pre
2012-01-01,2,Category E,380,538,375,67101,1.4158,0.697,pre
2012-02-01,1,Category E,312,425,312,73801,1.3622,0.7341,pre
2012-02-01,2,Category E,314,507,296,78000,1.6146,0.5838,pre
2012-03-01,1,Category E,309,492,309,76881,1.5922,0.628,pre
2012-03-01,2,Category E,327,449,327,80101,1.3731,0.7283,pre
2012-04-01,1,Category E,309,413,307,84590,1.3366,0.7433,pre
2012-04-01,2,Category E,308,447,295,92010,1.4513,0.66,pre
2012-05-01,1,Category E,311,457,304,88990,1.4695,0.6652,pre
2012-05-01,2,Category E,321,544,312,86889,1.6947,0.5735,pre
2012-06-01,1,Category E,315,526,311,85889,1.6698,0.5913,pre
2012-06-01,2,Category E,317,427,315,84389,1.347,0.7377,pre
2012-07-01,1,Category E,312,410,295,86999,1.3141,0.7195,pre
2012-07-01,2,Category E,310,429,306,92700,1.3839,0.7133,pre
2012-08-01,1,Category E,260,354,258,95034,1.3615,0.7288,pre
2012-08-01,2,Category E,247,301,238,93990,1.2186,0.7907,pre
2012-09-01,1,Category E,245,349,245,87999,1.4245,0.702,pre
2012-09-01,2,Category E,252,421,245,89990,1.6706,0.5819,pre
2012-10-01,1,Category E,243,312,242,86889,1.284,0.7756,pre
2012-10-01,2,Category E,249,371,233,87000,1.49,0.628,pre
2012-11-01,1,Category E,244,401,241,92100,1.6434,0.601,pre
2012-11-01,2,Category E,258,352,250,93990,1.3643,0.7102,pre
2012-12-01,1,Category E,246,329,233,97000,1.3374,0.7082,pre
2012-12-01,2,Category E,250,406,241,95990,1.624,0.5936,pre
2013-01-01,1,Category E,256,393,256,96101,1.5352,0.6514,pre
2013-01-01,2,Category E,251,344,248,97889,1.3705,0.7209,pre
2013-02-01,1,Category E,238,295,221,94890,1.2395,0.7492,pre
2013-02-01,2,Category E,241,370,200,91910,1.5353,0.5405,pre
2013-03-01,1,Category E,255,1036,248,65001,4.0627,0.2394,pre
2013-03-01,2,Category E,279,635,277,73301,2.276,0.4362,pre
2013-04-01,1,Category E,245,450,244,66989,1.8367,0.5422,pre
2013-04-01,2,Category E,240,421,227,62000,1.7542,0.5392,pre
2013-05-01,1,Category E,239,447,238,62301,1.8703,0.5324,pre
2013-05-01,2,Category E,251,466,239,66701,1.8566,0.5129,pre
2013-06-01,1,Category E,239,534,189,76000,2.2343,0.3539,pre
2013-06-01,2,Category E,251,466,250,83001,1.8566,0.5365,pre
2013-07-01,1,Category E,288,485,284,77000,1.684,0.5856,pre
2013-07-01,2,Category E,240,425,237,76802,1.7708,0.5576,pre
2013-08-01,1,Category E,264,407,261,77989,1.5417,0.6413,pre
2013-08-01,2,Category E,264,385,264,79223,1.4583,0.6857,pre
2013-09-01,1,Category E,263,431,181,80000,1.6388,0.42,pre
2013-09-01,2,Category E,261,459,253,87001,1.7586,0.5512,pre
2013-10-01,1,Category E,342,483,330,93889,1.4123,0.6832,pre
2013-10-01,2,Category E,269,337,264,92289,1.2528,0.7834,pre
2013-11-01,1,Category E,273,379,270,89001,1.3883,0.7124,pre
2013-11-01,2,Category E,266,410,259,83000,1.5414,0.6317,pre
2013-12-01,1,Category E,264,365,264,76901,1.3826,0.7233,pre
2013-12-01,2,Category E,268,375,268,77501,1.3993,0.7147,pre
2014-01-01,1,Category E,261,392,244,79000,1.5019,0.6224,pre
2014-01-01,2,Category E,261,373,259,78810,1.4291,0.6944,pre
2014-02-01,1,Category E,208,351,205,77003,1.6875,0.584,pre
2014-02-01,2,Category E,193,321,191,79000,1.6632,0.595,pre
2014-03-01,1,Category E,193,292,185,82000,1.513,0.6336,pre
2014-03-01,2,Category E,193,293,192,84001,1.5181,0.6553,pre
2014-04-01,1,Category E,199,283,197,84100,1.4221,0.6961,pre
2014-04-01,2,Category E,192,310,192,73810,1.6146,0.6194,pre
2014-05-01,1,Category E,295,525,295,65501,1.7797,0.5619,pre
2014-05-01,2,Category E,294,497,285,67290,1.6905,0.5734,pre
2014-06-01,1,Category E,293,465,292,67334,1.587,0.628,pre
2014-06-01,2,Category E,302,434,276,65301,1.4371,0.6359,pre
2014-07-01,1,Category E,294,441,288,63001,1.5,0.6531,pre
2014-07-01,2,Category E,319,483,317,65002,1.5141,0.6563,pre
2014-08-01,1,Category E,245,429,243,69001,1.751,0.5664,pre
2014-08-01,2,Category E,241,358,224,72810,1.4855,0.6257,pre
2014-09-01,1,Category E,241,385,235,74403,1.5975,0.6104,pre
2014-09-01,2,Category E,256,395,252,74801,1.543,0.638,pre
2014-10-01,1,Category E,245,390,236,72003,1.5918,0.6051,pre
2014-10-01,2,Category E,242,335,242,72201,1.3843,0.7224,pre
2014-11-01,1,Category E,272,403,271,71300,1.4816,0.6725,pre
2014-11-01,2,Category E,263,382,263,73900,1.4525,0.6885,pre
2014-12-01,1,Category E,265,370,257,76904,1.3962,0.6946,pre
2014-12-01,2,Category E,264,446,264,73990,1.6894,0.5919,pre
2015-01-01,1,Category E,272,386,265,75200,1.4191,0.6865,pre
2015-01-01,2,Category E,264,431,246,76790,1.6326,0.5708,pre
2015-02-01,1,Category E,181,288,181,71921,1.5912,0.6285,pre
2015-02-01,2,Category E,193,373,193,67901,1.9326,0.5174,pre
2015-03-01,1,Category E,175,322,162,70500,1.84,0.5031,pre
2015-03-01,2,Category E,174,290,172,72100,1.6667,0.5931,pre
2015-04-01,1,Category E,187,311,165,78000,1.6631,0.5305,pre
2015-04-01,2,Category E,176,331,163,79500,1.8807,0.4924,pre
2015-05-01,1,Category E,292,445,290,78004,1.524,0.6517,pre
2015-05-01,2,Category E,283,364,281,78001,1.2862,0.772,pre
2015-06-01,1,Category E,272,392,267,75801,1.4412,0.6811,pre
2015-06-01,2,Category E,272,373,269,74501,1.3713,0.7212,pre
2015-07-01,1,Category E,274,411,272,69001,1.5,0.6618,pre
2015-07-01,2,Category E,272,441,270,60101,1.6213,0.6122,pre
2015-08-01,1,Category E,363,607,361,57885,1.6722,0.5947,pre
2015-08-01,2,Category E,363,609,356,61001,1.6777,0.5846,pre
2015-09-01,1,Category E,363,580,358,61010,1.5978,0.6172,pre
2015-09-01,2,Category E,368,542,368,61300,1.4728,0.679,pre
2015-10-01,1,Category E,366,582,360,58801,1.5902,0.6186,pre
2015-10-01,2,Category E,361,584,356,60000,1.6177,0.6096,pre
2015-11-01,1,Category E,367,505,363,60689,1.376,0.7188,pre
2015-11-01,2,Category E,365,519,365,62019,1.4219,0.7033,pre
2015-12-01,1,Category E,364,495,362,60003,1.3599,0.7313,pre
2015-12-01,2,Category E,360,512,360,57501,1.4222,0.7031,pre
2016-01-01,1,Category E,362,498,361,55089,1.3757,0.7249,pre
2016-01-01,2,Category E,360,713,350,51000,1.9806,0.4909,pre
2016-02-01,1,Category E,446,824,443,44001,1.8475,0.5376,pre
2016-02-01,2,Category E,456,873,450,45009,1.9145,0.5155,pre
2016-03-01,1,Category E,449,951,312,48002,2.118,0.3281,pre
2016-03-01,2,Category E,452,912,445,46667,2.0177,0.4879,pre
2016-04-01,1,Category E,583,1397,346,47510,2.3962,0.2477,pre
2016-04-01,2,Category E,453,834,433,49501,1.8411,0.5192,pre
2016-05-01,1,Category E,750,1380,728,49000,1.84,0.5275,pre
2016-05-01,2,Category E,534,815,510,49700,1.5262,0.6258,pre
2016-06-01,1,Category E,536,860,533,55100,1.6045,0.6198,pre
2016-06-01,2,Category E,538,1009,531,57390,1.8755,0.5263,pre
2016-07-01,1,Category E,517,750,517,56002,1.4507,0.6893,pre
2016-07-01,2,Category E,521,821,500,57501,1.5758,0.609,pre
2016-08-01,1,Category E,429,610,400,58201,1.4219,0.6557,pre
2016-08-01,2,Category E,450,618,450,56956,1.3733,0.7282,pre
2016-09-01,1,Category E,458,723,450,56889,1.5786,0.6224,pre
2016-09-01,2,Category E,429,592,429,55201,1.38,0.7247,pre
2016-10-01,1,Category E,436,642,435,54200,1.4725,0.6776,pre
2016-10-01,2,Category E,429,678,428,56340,1.5804,0.6313,pre
2016-11-01,1,Category E,401,641,388,56000,1.5985,0.6053,pre
2016-11-01,2,Category E,401,531,397,54901,1.3242,0.7476,pre
2016-12-01,1,Category E,413,643,411,50010,1.5569,0.6392,pre
2016-12-01,2,Category E,404,668,404,50389,1.6535,0.6048,pre
2017-01-01,1,Category E,401,648,394,53001,1.616,0.608,pre
2017-01-01,2,Category E,400,662,381,52600,1.655,0.5755,pre
2017-02-01,1,Category E,488,805,488,48556,1.6496,0.6062,pre
2017-02-01,2,Category E,500,800,483,51000,1.6,0.6038,pre
2017-03-01,1,Category E,482,763,478,53001,1.583,0.6265,pre
2017-03-01,2,Category E,499,783,499,54501,1.5691,0.6373,pre
2017-04-01,1,Category E,486,748,485,54556,1.5391,0.6484,pre
2017-04-01,2,Category E,482,712,477,54616,1.4772,0.6699,pre
2017-05-01,1,Category E,529,755,528,55000,1.4272,0.6993,pre
2017-05-01,2,Category E,532,731,506,52000,1.3741,0.6922,pre
2017-06-01,1,Category E,528,878,528,50526,1.6629,0.6014,pre
2017-06-01,2,Category E,553,925,519,48001,1.6727,0.5611,pre
2017-07-01,1,Category E,528,872,521,49899,1.6515,0.5975,pre
2017-07-01,2,Category E,562,941,516,50101,1.6744,0.5484,pre
2017-08-01,1,Category E,547,822,545,52751,1.5027,0.663,pre
2017-08-01,2,Category E,586,781,562,50000,1.3328,0.7196,pre
2017-09-01,1,Category E,543,805,543,48005,1.4825,0.6745,pre
2017-09-01,2,Category E,565,905,563,49012,1.6018,0.6221,pre
2017-10-01,1,Category E,540,869,528,49000,1.6093,0.6076,pre
2017-10-01,2,Category E,542,809,539,52000,1.4926,0.6663,pre
2017-11-01,1,Category E,524,867,495,57000,1.6546,0.5709,pre
2017-11-01,2,Category E,516,844,498,57501,1.6357,0.59,pre
2017-12-01,1,Category E,542,831,537,54334,1.5332,0.6462,pre
2017-12-01,2,Category E,531,1003,529,48011,1.8889,0.5274,pre
2018-01-01,1,Category E,518,923,518,47390,1.7819,0.5612,pre
2018-01-01,2,Category E,515,817,495,44000,1.5864,0.6059,pre
2018-02-01,1,Category E,566,790,562,39903,1.3958,0.7114,pre
2018-02-01,2,Category E,586,1216,581,38801,2.0751,0.4778,pre
2018-03-01,1,Category E,571,967,525,39000,1.6935,0.5429,pre
2018-03-01,2,Category E,571,977,564,38000,1.711,0.5773,pre
2018-04-01,1,Category E,612,967,604,38039,1.5801,0.6246,pre
2018-04-01,2,Category E,573,1027,571,38389,1.7923,0.556,pre
2018-05-01,1,Category E,565,1008,562,38600,1.7841,0.5575,pre
2018-05-01,2,Category E,558,836,533,38700,1.4982,0.6376,pre
2018-06-01,1,Category E,559,927,525,37000,1.6583,0.5663,pre
2018-06-01,2,Category E,581,868,580,34400,1.494,0.6682,pre
2018-07-01,1,Category E,591,975,582,31001,1.6497,0.5969,pre
2018-07-01,2,Category E,558,1082,558,32809,1.9391,0.5157,pre
2018-08-01,1,Category E,536,896,524,33420,1.6716,0.5848,pre
2018-08-01,2,Category E,527,927,525,32311,1.759,0.5663,pre
2018-09-01,1,Category E,540,1006,506,31801,1.863,0.503,pre
2018-09-01,2,Category E,530,928,519,32000,1.7509,0.5593,pre
2018-10-01,1,Category E,561,1066,543,32552,1.9002,0.5094,pre
2018-10-01,2,Category E,539,779,527,32900,1.4453,0.6765,pre
2018-11-01,1,Category E,557,862,544,32000,1.5476,0.6311,pre
2018-11-01,2,Category E,552,930,546,30959,1.6848,0.5871,pre
2018-12-01,1,Category E,552,1021,546,30851,1.8496,0.5348,pre
2018-12-01,2,Category E,545,778,545,31809,1.4275,0.7005,pre
2019-01-01,1,Category E,546,776,540,32909,1.4212,0.6959,pre
2019-01-01,2,Category E,540,797,530,33689,1.4759,0.665,pre
2019-02-01,1,Category E,403,545,392,35310,1.3524,0.7193,pre
2019-02-01,2,Category E,407,658,407,36667,1.6167,0.6185,pre
2019-03-01,1,Category E,408,689,405,37620,1.6887,0.5878,pre
2019-03-01,2,Category E,397,730,396,41000,1.8388,0.5425,pre
2019-04-01,1,Category E,400,648,391,48209,1.62,0.6034,pre
2019-04-01,2,Category E,398,667,391,52410,1.6759,0.5862,pre
2019-05-01,1,Category E,384,513,379,52502,1.3359,0.7388,pre
2019-05-01,2,Category E,382,626,375,47000,1.6387,0.599,pre
2019-06-01,1,Category E,380,724,375,42002,1.9053,0.518,pre
2019-06-01,2,Category E,381,536,380,39400,1.4068,0.709,pre
2019-07-01,1,Category E,379,523,377,36901,1.3799,0.7208,pre
2019-07-01,2,Category E,375,751,367,39889,2.0027,0.4887,pre
2019-08-01,1,Category E,357,589,353,40512,1.6499,0.5993,pre
2019-08-01,2,Category E,363,593,353,40002,1.6336,0.5953,pre
2019-09-01,1,Category E,359,552,350,37912,1.5376,0.6341,pre
2019-09-01,2,Category E,365,632,350,40000,1.7315,0.5538,pre
2019-10-01,1,Category E,364,601,358,41001,1.6511,0.5957,pre
2019-10-01,2,Category E,369,506,356,42020,1.3713,0.7036,pre
2019-11-01,1,Category E,383,587,376,40101,1.5326,0.6405,pre
2019-11-01,2,Category E,390,540,383,40889,1.3846,0.7093,pre
2019-12-01,1,Category E,384,518,377,38889,1.349,0.7278,pre
2019-12-01,2,Category E,384,496,373,37989,1.2917,0.752,pre
2020-01-01,1,Category E,384,541,377,38000,1.4089,0.6969,pre
2020-01-01,2,Category E,388,528,388,37500,1.3608,0.7348,pre
2020-02-01,1,Category E,335,525,330,34900,1.5672,0.6286,pre
2020-02-01,2,Category E,328,550,324,33301,1.6768,0.5891,pre
2020-03-01,1,Category E,333,512,331,32500,1.5375,0.6465,pre
2020-03-01,2,Category E,331,503,324,32500,1.5196,0.6441,pre
2020-07-01,1,Category E,444,937,436,34989,2.1104,0.4653,pre
2020-07-01,2,Category E,448,714,438,35001,1.5938,0.6134,pre
2020-08-01,1,Category E,472,784,466,36502,1.661,0.5944,pre
2020-08-01,2,Category E,474,764,467,38110,1.6118,0.6113,pre
2020-09-01,1,Category E,470,672,470,40790,1.4298,0.6994,pre
2020-09-01,2,Category E,471,671,468,41001,1.4246,0.6975,pre
2020-10-01,1,Category E,427,688,426,40301,1.6112,0.6192,pre
2020-10-01,2,Category E,430,672,373,39889,1.5628,0.5551,pre
2020-11-01,1,Category E,464,683,463,39500,1.472,0.6779,pre
2020-11-01,2,Category E,520,803,512,41503,1.5442,0.6376,pre
2020-12-01,1,Category E,464,722,461,45510,1.556,0.6385,pre
2020-12-01,2,Category E,471,688,469,49500,1.4607,0.6817,pre
2021-01-01,1,Category E,467,758,463,49489,1.6231,0.6108,pre
2021-01-01,2,Category E,466,705,458,51900,1.5129,0.6496,pre
2021-02-01,1,Category E,300,435,300,49778,1.45,0.6897,pre
2021-02-01,2,Category E,304,503,302,47506,1.6546,0.6004,pre
2021-03-01,1,Category E,296,450,296,47001,1.5203,0.6578,pre
2021-03-01,2,Category E,298,430,291,47806,1.443,0.6767,pre
2021-04-01,1,Category E,296,635,286,52200,2.1453,0.4504,pre
2021-04-01,2,Category E,303,633,295,62100,2.0891,0.466,pre
2021-05-01,1,Category E,268,387,268,63002,1.444,0.6925,pre
2021-05-01,2,Category E,266,400,260,62000,1.5038,0.65,pre
2021-06-01,1,Category E,259,331,259,61112,1.278,0.7825,pre
2021-06-01,2,Category E,265,519,257,58001,1.9585,0.4952,pre
2021-07-01,1,Category E,259,416,257,57700,1.6062,0.6178,pre
2021-07-01,2,Category E,267,408,266,60001,1.5281,0.652,pre
2021-08-01,1,Category E,199,288,190,59599,1.4472,0.6597,pre
2021-08-01,2,Category E,198,408,197,64901,2.0606,0.4828,pre
2021-09-01,1,Category E,206,319,190,64700,1.5485,0.5956,pre
2021-09-01,2,Category E,198,400,186,70002,2.0202,0.465,pre
2021-10-01,1,Category E,214,442,200,72756,2.0654,0.4525,pre
2021-10-01,2,Category E,210,391,191,85000,1.8619,0.4885,pre
2021-11-01,1,Category E,159,257,155,88000,1.6164,0.6031,pre
2021-11-01,2,Category E,164,253,133,86001,1.5427,0.5257,pre
2021-12-01,1,Category E,149,245,145,85000,1.6443,0.5918,pre
2021-12-01,2,Category E,177,241,177,83889,1.3616,0.7344,pre
2022-01-01,1,Category E,149,193,149,82501,1.2953,0.772,pre
2022-01-01,2,Category E,145,226,145,83911,1.5586,0.6416,pre
2022-02-01,1,Category E,180,269,171,87000,1.4944,0.6357,pre
2022-02-01,2,Category E,180,300,180,93102,1.6667,0.6,pre
2022-03-01,1,Category E,190,318,190,98890,1.6737,0.5975,pre
2022-03-01,2,Category E,180,344,177,99010,1.9111,0.5145,pre
2022-04-01,1,Category E,180,290,174,99999,1.6111,0.6,pre
2022-04-01,2,Category E,184,295,182,95801,1.6033,0.6169,pre
2022-05-01,1,Category E,195,283,195,91112,1.4513,0.689,post
2022-05-01,2,Category E,191,309,187,95901,1.6178,0.6052,post
2022-06-01,1,Category E,190,316,185,100697,1.6632,0.5854,post
2022-06-01,2,Category E,194,276,190,104400,1.4227,0.6884,post
2022-07-01,1,Category E,195,340,191,110524,1.7436,0.5618,post
2022-07-01,2,Category E,194,317,194,114001,1.634,0.612,post
2022-08-01,1,Category E,167,293,165,113000,1.7545,0.5631,post
2022-08-01,2,Category E,163,273,151,112001,1.6748,0.5531,post
2022-09-01,1,Category E,165,260,150,113299,1.5758,0.5769,post
2022-09-01,2,Category E,176,297,176,107201,1.6875,0.5926,post
2022-10-01,1,Category E,179,232,179,105001,1.2961,0.7716,post
2022-10-01,2,Category E,164,285,160,108003,1.7378,0.5614,post
2022-11-01,1,Category E,146,283,143,116577,1.9384,0.5053,post
2022-11-01,2,Category E,150,242,149,114009,1.6133,0.6157,post
2022-12-01,1,Category E,149,266,148,110524,1.7852,0.5564,post
2022-12-01,2,Category E,146,273,143,109600,1.8699,0.5238,post
2023-01-01,1,Category E,146,285,146,107889,1.9521,0.5123,post
2023-01-01,2,Category E,149,248,147,107000,1.6644,0.5927,post
2023-02-01,1,Category E,129,229,126,105002,1.7752,0.5502,post
2023-02-01,2,Category E,132,274,129,118001,2.0758,0.4708,post
2023-03-01,1,Category E,132,254,128,116000,1.9242,0.5039,post
2023-03-01,2,Category E,132,265,125,116020,2.0076,0.4717,post
2023-04-01,1,Category E,134,252,133,118990,1.8806,0.5278,post
2023-04-01,2,Category E,137,252,136,124501,1.8394,0.5397,post
2023-05-01,1,Category E,125,271,125,124002,2.168,0.4613,post
2023-05-01,2,Category E,125,301,104,125000,2.408,0.3455,post
2023-06-01,1,Category E,124,280,118,120889,2.2581,0.4214,post
2023-06-01,2,Category E,145,312,140,123000,2.1517,0.4487,post
2023-07-01,1,Category E,130,217,119,121000,1.6692,0.5484,post
2023-07-01,2,Category E,129,243,128,122110,1.8837,0.5267,post
2023-08-01,1,Category E,140,237,140,126201,1.6929,0.5907,post
2023-08-01,2,Category E,131,237,107,131000,1.8092,0.4515,post
2023-09-01,1,Category E,130,219,120,137000,1.6846,0.5479,post
2023-09-01,2,Category E,153,282,144,144640,1.8431,0.5106,post
2023-10-01,1,Category E,140,261,140,152000,1.8643,0.5364,post
2023-10-01,2,Category E,138,228,127,158004,1.6522,0.557,post
2023-11-01,1,Category E,141,227,136,125011,1.6099,0.5991,post
2023-11-01,2,Category E,151,323,144,135002,2.1391,0.4458,post
2023-12-01,1,Category E,145,287,136,133388,1.9793,0.4739,post
2023-12-01,2,Category E,147,228,147,118388,1.551,0.6447,post
2024-01-01,1,Category E,149,263,140,106388,1.7651,0.5323,post
2024-01-01,2,Category E,140,267,136,109004,1.9071,0.5094,post
2024-02-01,1,Category E,163,305,159,100101,1.8712,0.5213,post
2024-02-01,2,Category E,158,271,156,94006,1.7152,0.5756,post
2024-03-01,1,Category E,159,282,150,95010,1.7736,0.5319,post
2024-03-01,2,Category E,157,256,157,95856,1.6306,0.6133,post
2024-04-01,1,Category E,164,333,161,101002,2.0305,0.4835,post
2024-04-01,2,Category E,155,269,151,103249,1.7355,0.5613,post
2024-05-01,1,Category E,177,317,169,104689,1.791,0.5331,post
2024-05-01,2,Category E,178,295,176,105002,1.6573,0.5966,post
2024-06-01,1,Category E,183,319,182,101600,1.7432,0.5705,post
2024-06-01,2,Category E,177,301,175,100000,1.7006,0.5814,post
2024-07-01,1,Category E,176,309,170,100889,1.7557,0.5502,post
2024-07-01,2,Category E,177,300,177,100341,1.6949,0.59,post
2024-08-01,1,Category E,178,322,175,105239,1.809,0.5435,post
2024-08-01,2,Category E,173,350,168,106001,2.0231,0.48,post
2024-09-01,1,Category E,176,388,166,106901,2.2045,0.4278,post
2024-09-01,2,Category E,177,383,173,113104,2.1638,0.4517,post
2024-10-01,1,Category E,182,346,171,116000,1.9011,0.4942,post
2024-10-01,2,Category E,177,327,177,114700,1.8475,0.5413,post
2024-11-01,1,Category E,189,321,189,109000,1.6984,0.5888,post
2024-11-01,2,Category E,179,298,176,107501,1.6648,0.5906,post
2024-12-01,1,Category E,179,326,167,104001,1.8212,0.5123,post
2024-12-01,2,Category E,182,330,170,108992,1.8132,0.5152,post
2025-01-01,1,Category E,191,415,190,123000,2.1728,0.4578,post
2025-01-01,2,Category E,190,326,190,115112,1.7158,0.5828,post
2025-02-01,1,Category E,199,369,195,110000,1.8543,0.5285,post
2025-02-01,2,Category E,198,367,197,110002,1.8535,0.5368,post
2025-03-01,1,Category E,202,403,200,112901,1.995,0.4963,post
2025-03-01,2,Category E,198,382,196,116991,1.9293,0.5131,post
2025-04-01,1,Category E,200,390,195,117002,1.95,0.5,post
2025-04-01,2,Category E,200,406,195,118001,2.03,0.4803,post
2025-05-01,1,Category E,207,384,206,118889,1.8551,0.5365,post
2025-05-01,2,Category E,206,387,185,118010,1.8786,0.478,post
2025-06-01,1,Category E,202,363,191,113900,1.797,0.5262,post
2025-06-01,2,Category E,223,399,214,116889,1.7892,0.5363,post
2025-07-01,1,Category E,212,384,207,118500,1.8113,0.5391,post
2025-07-01,2,Category E,211,431,210,120000,2.0427,0.4872,post
2025-08-01,1,Category E,261,511,261,122334,1.9579,0.5108,post
2025-08-01,2,Category E,257,491,257,125001,1.9105,0.5234,post
2025-09-01,1,Category E,256,489,254,127901,1.9102,0.5194,post
2025-09-01,2,Category E,256,540,252,140502,2.1094,0.4667,post
2025-10-01,1,Category E,259,472,251,140009,1.8224,0.5318,post
2025-10-01,2,Category E,261,414,260,136000,1.5862,0.628,post
2025-11-01,1,Category E,282,467,266,121010,1.656,0.5696,post
2025-11-01,2,Category E,276,466,275,125001,1.6884,0.5901,post
2025-12-01,1,Category E,291,544,288,123000,1.8694,0.5294,post
2025-12-01,2,Category E,276,455,252,119000,1.6486,0.5538,post
2026-01-01,1,Category E,278,528,247,122000,1.8993,0.4678,post
2026-01-01,2,Category E,299,426,299,120891,1.4247,0.7019,post
2026-02-01,1,Category E,271,462,265,116000,1.7048,0.5736,post
2026-02-01,2,Category E,239,571,232,112890,2.3891,0.4063,post
2026-03-01,1,Category E,245,514,239,114890,2.098,0.465,post
2026-03-01,2,Category E,246,422,244,118119,1.7154,0.5782,post
2026-04-01,1,Category E,245,475,245,121001,1.9388,0.5158,post
2026-04-01,2,Category E,241,494,239,125002,2.0498,0.4838,post
2026-05-01,1,Category E,254,479,248,127700,1.8858,0.5177,post
2026-05-01,2,Category E,256,436,248,130000,1.7031,0.5688,post
2026-06-01,1,Category E,261,497,238,129000,1.9042,0.4789,post
2026-06-01,2,Category E,262,487,254,129002,1.8588,0.5216,post
2026-07-01,1,Category E,277,452,277,129801,1.6318,0.6128,post
2026-07-01,2,Category E,263,450,263,129971,1.711,0.5844,post
2026-08-01,1,Category E,254,443,208,131000,1.7441,0.4695,post
2026-08-01,2,Category E,254,467,239,135000,1.8386,0.5118,post
2026-09-01,1,Category E,300,513,300,137890,1.71,0.5848,post
2026-09-01,2,Category E,269,431,253,137000,1.6022,0.587,post
